Id,Application Name,User Name,Action,Resource Type,Resource Id,Date,Ip,Security Level
2,Y-find,kpierce1,ldap_disable,computer,2,2016-04-06 07:32:28,82.36.184.191,LOW
876,Otcom,jfowlerob,user_create,,876,2016-04-07 06:30:32,233.1.94.102,NORMAL
631,Quo Lux,jhickshi,ldap_disable,person,631,2016-04-07 12:45:20,95.8.189.155,NORMAL
877,Zaam-Dox,lrusselloc,ldap_enable,person,877,2016-04-07 19:10:46,214.205.110.135,HIGHT
440,Zoolab,redwardsc7,user_create,computer,440,2016-04-08 09:07:37,123.73.2.12,HIGHT
69,Stringtough,jrichards1w,ldap_remove,,69,2016-04-08 11:02:26,40.106.53.186,LOW
694,Otcom,gharveyj9,user_login,person,694,2016-04-08 11:47:42,140.184.53.136,HIGHT
769,Fix San,pgordonlc,ldap_enable,person,769,2016-04-08 17:45:29,37.73.205.236,HIGHT
946,Zontrax,lbakerq9,user_login,person,946,2016-04-09 03:10:49,50.105.211.44,HIGHT
509,Aerified,wforde4,user_create,computer,509,2016-04-09 10:22:09,176.230.157.184,LOW
20,Home Ing,agarrettj,ldap_enable,computer,20,2016-04-11 03:10:18,120.36.10.42,HIGHT
403,Zoolab,rcarpenterb6,user_login,person,403,2016-04-11 11:57:24,253.39.157.222,NORMAL
874,Sonsing,nblacko9,ldap_create,person,874,2016-04-11 13:31:33,144.243.6.37,HIGHT
1000,Tres-Zap,bnicholsrr,ldap_enable,person,1000,2016-04-12 10:24:27,133.195.20.73,NORMAL
723,Zontrax,abellk2,ldap_change_password,,723,2016-04-12 18:48:12,208.46.59.234,LOW
952,Konklab,cmillsqf,ldap_disable,person,952,2016-04-13 10:10:42,199.251.29.99,NORMAL
143,Biodex,choward3y,user_login,computer,143,2016-04-13 10:34:33,44.242.234.38,HIGHT
624,Duobam,blawrencehb,ldap_remove,,624,2016-04-13 19:18:47,240.2.120.124,HIGHT
309,Cardify,jryan8k,ldap_create,,309,2016-04-13 21:36:12,3.123.92.159,LOW
972,Pannier,aellisqz,ldap_enable,,972,2016-04-14 05:22:46,97.84.162.119,NORMAL
487,Fix San,vfernandezdi,ldap_enable,person,487,2016-04-14 06:05:28,28.190.150.220,HIGHT
993,Otcom,tmarshallrk,ldap_enable,,993,2016-04-14 08:09:42,120.247.14.92,NORMAL
221,Job,klewis64,ldap_change_password,computer,221,2016-04-14 20:50:03,41.168.21.57,LOW
174,Alpha,cfrazier4t,ldap_disable,,174,2016-04-14 22:46:27,112.60.71.204,HIGHT
222,Bitwolf,darmstrong65,user_create,,222,2016-04-15 02:23:42,113.42.115.145,LOW
489,Domainer,dandrewsdk,user_login,,489,2016-04-15 08:09:12,83.126.162.142,NORMAL
423,Fixflex,kmurphybq,ldap_change_password,,423,2016-04-15 10:00:50,210.6.72.198,NORMAL
652,Stronghold,gperkinsi3,ldap_create,person,652,2016-04-15 12:14:11,93.20.213.168,LOW
331,Span,hramirez96,ldap_remove,person,331,2016-04-15 12:27:31,216.250.136.167,HIGHT
789,Opela,pgonzaleslw,ldap_enable,,789,2016-04-16 08:05:23,182.166.159.190,LOW
173,Zontrax,jgarrett4s,ldap_remove,computer,173,2016-04-16 10:00:23,179.134.41.244,HIGHT
50,Bitchip,pellis1d,ldap_create,computer,50,2016-04-16 11:33:56,145.208.86.138,NORMAL
330,Duobam,epayne95,ldap_create,,330,2016-04-16 11:51:13,87.193.239.216,NORMAL
422,Voyatouch,tarmstrongbp,ldap_remove,computer,422,2016-04-16 18:58:21,126.251.21.80,LOW
572,Y-Solowarm,myoungfv,ldap_disable,computer,572,2016-04-16 20:33:52,82.97.113.17,NORMAL
196,Bytecard,dellis5f,ldap_remove,person,196,2016-04-16 22:10:13,37.192.72.206,NORMAL
418,Cardify,khudsonbl,ldap_disable,person,418,2016-04-17 00:16:33,232.23.189.246,LOW
67,It,jharris1u,ldap_remove,person,67,2016-04-17 05:35:39,65.195.32.197,HIGHT
278,Ronstring,rmoreno7p,ldap_disable,computer,278,2016-04-17 13:41:44,68.163.56.52,LOW
218,Bigtax,hsims61,ldap_create,computer,218,2016-04-17 16:27:08,177.34.207.49,NORMAL
352,Fintone,candrews9r,user_login,person,352,2016-04-18 02:20:28,44.63.153.32,HIGHT
914,Veribet,mcrawfordpd,ldap_remove,computer,914,2016-04-18 23:35:14,207.116.116.223,LOW
475,Trippledex,bpetersond6,ldap_disable,person,475,2016-04-19 04:37:16,83.181.60.171,NORMAL
980,Regrant,vryanr7,user_login,computer,980,2016-04-19 16:51:22,85.33.149.94,LOW
581,Zathin,bbishopg4,ldap_remove,computer,581,2016-04-19 21:18:44,23.53.175.25,NORMAL
851,Cardguard,lholmesnm,ldap_disable,computer,851,2016-04-20 00:11:45,160.168.172.58,NORMAL
741,Overhold,ajacobskk,ldap_enable,,741,2016-04-20 11:35:13,23.210.226.2,NORMAL
553,Viva,jallenfc,user_create,person,553,2016-04-20 15:55:14,13.109.251.36,NORMAL
130,Flowdesk,alee3l,user_login,person,130,2016-04-20 23:37:42,72.78.57.18,LOW
992,Span,srobertsonrj,user_create,computer,992,2016-04-21 18:37:55,57.211.18.18,LOW
545,Fix San,jarmstrongf4,ldap_enable,computer,545,2016-04-22 12:36:26,148.111.223.16,HIGHT
313,Ventosanzap,jhayes8o,user_login,person,313,2016-04-22 17:14:42,65.255.155.221,HIGHT
632,Bamity,jhernandezhj,user_login,computer,632,2016-04-22 17:14:59,12.150.55.145,LOW
777,Home Ing,vlonglk,ldap_disable,,777,2016-04-23 00:27:43,223.119.118.26,NORMAL
358,Greenlam,treid9x,ldap_enable,person,358,2016-04-23 12:32:47,229.128.213.56,NORMAL
938,Fix San,lcruzq1,ldap_change_password,computer,938,2016-04-23 17:12:05,82.181.119.112,LOW
790,Trippledex,spalmerlx,user_login,person,790,2016-04-24 04:03:48,130.5.231.185,HIGHT
890,Job,kcruzop,user_login,computer,890,2016-04-24 04:46:11,186.4.76.207,HIGHT
460,Keylex,gnicholscr,ldap_disable,person,460,2016-04-24 13:15:31,26.62.229.83,NORMAL
793,Tempsoft,glongm0,ldap_change_password,person,793,2016-04-25 07:58:11,55.12.182.43,LOW
22,Y-find,lperryl,ldap_create,person,22,2016-04-25 08:27:31,133.48.151.92,LOW
276,Quo Lux,jlee7n,user_login,,276,2016-04-26 00:31:24,15.64.25.25,LOW
151,Veribet,mthomas46,ldap_create,person,151,2016-04-27 02:53:18,211.46.194.220,LOW
816,Tin,nwagnermn,ldap_change_password,,816,2016-04-27 10:30:31,87.168.27.240,HIGHT
999,Duobam,smoorerq,ldap_change_password,,999,2016-04-27 14:13:18,107.50.118.151,NORMAL
859,Tres-Zap,wcoxnu,user_login,person,859,2016-04-27 15:00:35,39.21.4.52,LOW
666,Sub-Ex,kthomasih,ldap_disable,,666,2016-04-27 19:13:28,91.48.254.237,HIGHT
385,Sonair,broseao,ldap_enable,person,385,2016-04-27 23:45:34,69.115.31.183,NORMAL
872,Ronstring,jbennetto7,ldap_change_password,computer,872,2016-04-28 01:18:17,94.155.69.110,HIGHT
708,Holdlamis,jlynchjn,ldap_create,,708,2016-04-28 15:44:41,104.131.153.92,HIGHT
10,Flowdesk,wsanchez9,ldap_change_password,person,10,2016-04-28 20:08:55,248.238.34.248,HIGHT
203,Matsoft,vstephens5m,ldap_disable,computer,203,2016-04-29 02:49:12,190.85.72.128,HIGHT
382,Latlux,dmorenoal,ldap_remove,person,382,2016-04-29 08:24:10,17.62.227.126,HIGHT
120,Tampflex,hmartinez3b,ldap_enable,,120,2016-04-29 21:39:18,182.170.234.195,HIGHT
745,Keylex,calvarezko,user_create,person,745,2016-04-30 07:03:53,88.19.46.113,HIGHT
136,Tin,pwillis3r,user_login,person,136,2016-04-30 10:52:07,143.49.77.34,HIGHT
505,Prodder,jgrante0,ldap_remove,person,505,2016-04-30 11:16:58,213.120.85.17,LOW
868,Bigtax,cgarzao3,ldap_disable,person,868,2016-04-30 12:36:51,13.181.21.236,NORMAL
141,Cardify,ereed3w,user_login,,141,2016-05-01 00:25:48,217.28.212.166,LOW
102,Opela,cscott2t,user_create,,102,2016-05-01 06:51:31,251.176.201.30,NORMAL
657,Tresom,shernandezi8,user_login,,657,2016-05-02 09:04:08,247.50.216.174,NORMAL
375,Zontrax,dcollinsae,ldap_change_password,,375,2016-05-02 10:16:18,13.43.47.122,NORMAL
110,Y-find,hnelson31,ldap_enable,computer,110,2016-05-02 10:42:36,103.192.198.7,HIGHT
261,Zontrax,clewis78,ldap_create,,261,2016-05-02 11:06:09,168.103.1.188,NORMAL
611,Namfix,epattersongy,ldap_remove,computer,611,2016-05-03 06:17:23,4.213.60.138,LOW
77,Opela,tcarpenter24,ldap_disable,computer,77,2016-05-03 07:22:31,28.82.20.37,NORMAL
529,Tin,amartineo,user_create,person,529,2016-05-03 13:52:01,224.0.48.106,LOW
831,Transcof,arobertsn2,ldap_change_password,,831,2016-05-04 04:03:12,9.77.54.204,NORMAL
612,Matsoft,jarnoldgz,user_login,,612,2016-05-04 23:38:41,156.8.166.40,HIGHT
394,Solarbreeze,lhenryax,ldap_remove,person,394,2016-05-04 23:44:44,179.222.164.99,LOW
466,Cardify,wthomascx,ldap_change_password,person,466,2016-05-04 23:55:51,5.178.247.51,LOW
260,Vagram,khanson77,ldap_remove,computer,260,2016-05-05 18:36:00,197.82.160.20,LOW
412,Holdlamis,syoungbf,user_create,person,412,2016-05-05 22:31:54,38.234.108.226,LOW
250,Voltsillam,wfuller6x,ldap_change_password,person,250,2016-05-06 09:57:31,152.87.34.182,NORMAL
301,Opela,lhicks8c,ldap_enable,person,301,2016-05-06 18:14:19,174.80.94.74,NORMAL
34,Span,phicksx,ldap_disable,person,34,2016-05-07 00:55:37,247.16.63.7,LOW
370,Solarbreeze,bolsona9,user_login,person,370,2016-05-08 16:51:40,237.81.117.126,LOW
567,Temp,bstewartfq,user_login,,567,2016-05-08 20:26:48,239.106.177.75,LOW
389,Gembucket,bstewartas,ldap_disable,computer,389,2016-05-08 21:29:57,52.171.62.3,NORMAL
728,Tempsoft,rburnsk7,user_login,computer,728,2016-05-09 04:04:37,133.125.241.180,NORMAL
933,Duobam,nsnyderpw,ldap_create,,933,2016-05-09 09:25:19,6.184.181.177,HIGHT
215,Overhold,bcrawford5y,ldap_remove,computer,215,2016-05-10 04:04:00,217.96.73.172,LOW
419,Toughjoyfax,aholmesbm,ldap_remove,computer,419,2016-05-10 22:21:24,186.164.52.126,NORMAL
517,Ventosanzap,lgreeneec,ldap_remove,person,517,2016-05-10 23:14:12,225.72.253.192,NORMAL
162,Tres-Zap,tfuller4h,ldap_disable,,162,2016-05-10 23:20:45,42.8.196.90,LOW
878,Vagram,snicholsod,ldap_create,computer,878,2016-05-11 05:49:06,240.151.126.69,LOW
333,Span,fgray98,ldap_disable,,333,2016-05-11 11:22:49,78.104.33.40,NORMAL
707,Mat Lam Tam,jstanleyjm,ldap_enable,computer,707,2016-05-12 15:19:42,72.37.45.216,NORMAL
655,Hatity,jwheeleri6,user_login,person,655,2016-05-12 23:04:00,153.158.77.58,HIGHT
239,Tin,jarmstrong6m,user_login,computer,239,2016-05-13 05:27:56,13.219.172.198,LOW
865,Biodex,dduncano0,ldap_create,person,865,2016-05-13 13:12:11,217.105.49.73,NORMAL
594,Solarbreeze,aelliottgh,ldap_change_password,,594,2016-05-13 16:55:54,130.79.150.85,HIGHT
314,Hatity,aboyd8p,user_create,computer,314,2016-05-14 01:20:06,79.104.16.5,LOW
991,Sonsing,jhillri,ldap_disable,person,991,2016-05-14 17:03:07,136.107.46.28,LOW
915,Ventosanzap,awheelerpe,ldap_enable,,915,2016-05-14 20:11:37,40.224.0.219,HIGHT
83,Quo Lux,pmorrison2a,user_create,computer,83,2016-05-14 21:01:48,172.133.123.35,LOW
14,Namfix,alynchd,ldap_enable,computer,14,2016-05-15 14:30:22,85.219.11.194,LOW
150,Alphazap,drogers45,ldap_change_password,,150,2016-05-16 08:47:35,165.155.108.233,LOW
809,Span,nwestmg,ldap_remove,computer,809,2016-05-16 09:41:14,194.212.227.236,HIGHT
919,Bigtax,jolsonpi,ldap_change_password,person,919,2016-05-17 18:40:31,158.57.113.242,HIGHT
927,Biodex,sberrypq,ldap_remove,,927,2016-05-18 08:03:07,133.9.120.152,LOW
810,Zoolab,mcollinsmh,ldap_change_password,,810,2016-05-18 09:17:57,115.203.56.146,NORMAL
840,Domainer,dharrisonnb,ldap_change_password,,840,2016-05-18 19:28:26,201.101.78.204,NORMAL
426,Namfix,lwilliamsonbt,ldap_create,,426,2016-05-20 00:24:32,114.71.85.186,LOW
497,Bytecard,cbrooksds,ldap_enable,computer,497,2016-05-20 00:46:22,199.201.11.48,NORMAL
928,Span,lmartinezpr,ldap_create,person,928,2016-05-20 06:33:17,22.95.100.4,HIGHT
619,Alpha,dfloresh6,ldap_enable,person,619,2016-05-20 14:23:39,176.168.12.0,LOW
855,It,vcarrnq,ldap_disable,,855,2016-05-21 04:57:50,32.163.214.226,HIGHT
595,Kanlam,fperrygi,ldap_create,person,595,2016-05-21 11:57:51,11.251.141.134,HIGHT
854,Zaam-Dox,gcarrollnp,ldap_change_password,computer,854,2016-05-22 06:48:36,239.131.188.81,HIGHT
801,Zamit,akennedym8,ldap_remove,,801,2016-05-22 13:43:25,91.47.218.224,NORMAL
804,Zoolab,jwillismb,ldap_disable,,804,2016-05-23 01:29:22,241.72.228.195,HIGHT
589,Cookley,kmurraygc,ldap_remove,person,589,2016-05-23 05:24:09,186.44.128.15,HIGHT
94,Overhold,rpowell2l,ldap_remove,person,94,2016-05-24 01:20:14,203.95.149.160,LOW
399,Zoolab,jevansb2,ldap_change_password,,399,2016-05-24 02:05:15,225.189.224.192,HIGHT
17,Cardguard,wcoleg,ldap_change_password,computer,17,2016-05-24 12:56:12,105.238.34.181,LOW
11,Transcof,mreeda,ldap_remove,computer,11,2016-05-24 13:33:59,215.167.94.228,NORMAL
880,Latlux,lwheelerof,ldap_change_password,person,880,2016-05-24 16:43:54,64.132.48.156,HIGHT
224,Tampflex,mbrooks67,ldap_change_password,computer,224,2016-05-25 05:45:24,185.189.140.218,NORMAL
755,Trippledex,wstewartky,ldap_enable,computer,755,2016-05-26 14:02:14,70.78.145.113,NORMAL
576,Sub-Ex,jelliottfz,ldap_remove,,576,2016-05-26 23:03:34,146.197.240.205,NORMAL
282,Gembucket,roliver7t,user_login,,282,2016-05-27 05:05:47,27.155.130.23,LOW
748,Y-Solowarm,mshawkr,user_login,person,748,2016-05-27 20:23:14,117.204.21.163,NORMAL
640,Cardguard,nrosehr,ldap_create,person,640,2016-05-27 22:52:34,231.247.184.25,LOW
259,Biodex,lmartinez76,ldap_create,person,259,2016-05-28 05:44:12,36.146.10.57,HIGHT
739,Sub-Ex,dbakerki,ldap_create,person,739,2016-05-28 07:01:53,213.164.232.203,LOW
280,Tresom,crussell7r,ldap_create,person,280,2016-05-28 07:48:23,56.137.55.192,LOW
513,Domainer,jfullere8,ldap_create,,513,2016-05-28 14:50:35,1.223.201.72,NORMAL
678,Voyatouch,hcollinsit,ldap_create,,678,2016-05-28 19:46:25,74.218.108.210,LOW
923,Stim,erobertspm,ldap_remove,computer,923,2016-05-29 11:03:56,153.42.188.106,LOW
528,Sub-Ex,jthomasen,ldap_remove,,528,2016-05-29 11:13:25,161.23.5.36,HIGHT
328,Latlux,jhamilton93,ldap_remove,person,328,2016-05-29 11:56:33,158.13.226.123,LOW
900,Job,ahicksoz,user_login,,900,2016-05-29 14:10:45,103.78.187.109,NORMAL
898,Y-find,rryanox,ldap_change_password,person,898,2016-05-29 17:32:43,86.86.16.117,LOW
362,Greenlam,tharveya1,user_login,computer,362,2016-05-29 19:29:50,238.172.153.220,LOW
534,Tres-Zap,mbakeret,ldap_remove,,534,2016-05-31 11:32:00,248.220.138.139,HIGHT
650,Rank,lberryi1,user_create,computer,650,2016-05-31 14:12:07,76.103.166.234,LOW
435,Matsoft,rmasonc2,ldap_enable,,435,2016-05-31 17:06:35,135.210.112.88,NORMAL
396,Tresom,wlopezaz,ldap_remove,,396,2016-05-31 17:10:35,130.88.154.106,HIGHT
146,Cookley,pbrown41,ldap_change_password,computer,146,2016-05-31 22:22:46,7.83.63.90,HIGHT
485,Biodex,dcarterdg,ldap_disable,computer,485,2016-06-01 09:04:06,215.2.110.32,LOW
336,Flowdesk,lcarr9b,ldap_enable,,336,2016-06-01 12:37:24,42.70.87.31,HIGHT
959,Bitwolf,wthomasqm,ldap_disable,computer,959,2016-06-01 16:04:21,178.18.161.249,HIGHT
685,Veribet,dgibsonj0,ldap_create,person,685,2016-06-02 01:13:44,31.248.68.153,HIGHT
144,Toughjoyfax,slarson3z,ldap_enable,,144,2016-06-02 06:06:43,114.91.27.20,NORMAL
887,Wrapsafe,jcruzom,ldap_enable,computer,887,2016-06-02 11:18:09,205.160.138.203,LOW
742,Tresom,gfergusonkl,ldap_change_password,person,742,2016-06-02 23:38:06,200.159.15.84,NORMAL
618,Voyatouch,mgrahamh5,ldap_change_password,,618,2016-06-02 23:39:17,31.113.163.8,NORMAL
40,Gembucket,jholmes13,ldap_disable,person,40,2016-06-03 14:10:14,39.59.94.40,NORMAL
30,Holdlamis,fbennettt,ldap_change_password,,30,2016-06-03 21:35:15,159.0.129.12,LOW
843,Wrapsafe,cwillisne,ldap_enable,,843,2016-06-04 10:57:59,94.172.239.82,HIGHT
776,Pannier,jrusselllj,ldap_enable,computer,776,2016-06-04 13:18:20,80.229.159.173,LOW
555,Gembucket,kandrewsfe,ldap_change_password,,555,2016-06-04 13:45:47,188.11.52.182,LOW
279,Sub-Ex,bhowell7q,ldap_change_password,,279,2016-06-04 22:08:54,136.203.195.152,HIGHT
833,Regrant,rgilbertn4,user_create,computer,833,2016-06-05 08:48:19,106.49.3.125,HIGHT
740,Bitchip,tgonzaleskj,ldap_create,computer,740,2016-06-06 06:06:27,185.101.105.48,NORMAL
514,Lotlux,kmorrise9,ldap_enable,person,514,2016-06-06 08:31:44,138.69.156.153,NORMAL
467,Mat Lam Tam,smoorecy,ldap_enable,computer,467,2016-06-08 10:04:33,107.168.211.136,LOW
441,Lotstring,tgriffinc8,ldap_enable,,441,2016-06-08 16:30:07,31.38.84.117,LOW
288,Fixflex,sbailey7z,user_login,,288,2016-06-08 18:35:07,173.176.102.158,HIGHT
953,Bitchip,wfloresqg,ldap_disable,computer,953,2016-06-08 22:59:21,145.118.131.71,NORMAL
233,Prodder,srose6g,ldap_remove,computer,233,2016-06-09 17:48:21,144.31.164.218,LOW
507,Overhold,jmillere2,ldap_create,,507,2016-06-10 20:02:57,188.31.201.223,NORMAL
750,Matsoft,aalvarezkt,ldap_remove,,750,2016-06-11 05:25:10,201.79.54.81,HIGHT
108,Job,ihenderson2z,user_login,,108,2016-06-11 17:28:26,120.180.118.97,NORMAL
384,Pannier,rshawan,user_create,,384,2016-06-12 00:54:37,78.141.22.140,LOW
670,Ronstring,fjamesil,ldap_create,person,670,2016-06-13 06:36:35,186.166.150.203,LOW
633,Hatity,jcollinshk,user_login,,633,2016-06-13 21:27:57,232.201.106.181,HIGHT
635,Job,bpetershm,ldap_remove,computer,635,2016-06-13 22:47:57,114.108.6.15,LOW
727,Namfix,jwallacek6,ldap_change_password,person,727,2016-06-14 00:15:47,148.248.33.229,NORMAL
955,Trippledex,lhicksqi,user_create,person,955,2016-06-14 07:31:49,81.149.132.72,LOW
373,Alpha,skellyac,ldap_change_password,person,373,2016-06-14 10:41:09,95.65.93.50,LOW
977,Cookley,jdunnr4,ldap_remove,computer,977,2016-06-14 14:11:08,193.37.104.192,LOW
56,Cardify,pmitchell1j,user_create,computer,56,2016-06-14 18:35:51,33.205.245.128,NORMAL
49,Y-Solowarm,jrussell1c,user_login,person,49,2016-06-14 23:26:47,15.185.184.156,HIGHT
744,Sonsing,cortizkn,user_create,,744,2016-06-15 05:38:14,112.55.64.90,NORMAL
164,Span,bholmes4j,user_create,computer,164,2016-06-15 16:52:46,83.99.208.193,HIGHT
192,Solarbreeze,kburns5b,ldap_remove,,192,2016-06-16 07:09:41,103.96.70.207,LOW
473,Fintone,mhughesd4,ldap_change_password,computer,473,2016-06-16 16:12:42,57.8.201.228,NORMAL
778,Tampflex,fhendersonll,ldap_create,person,778,2016-06-17 02:13:55,35.204.223.178,NORMAL
4,Keylex,astevens3,ldap_change_password,person,4,2016-06-17 15:38:58,136.35.40.90,HIGHT
709,Span,jfergusonjo,ldap_remove,person,709,2016-06-18 04:22:42,39.191.196.252,LOW
436,Treeflex,lmorrisonc3,user_create,person,436,2016-06-18 09:27:41,160.40.147.141,NORMAL
190,Andalax,bgraham59,ldap_disable,person,190,2016-06-18 18:05:06,96.74.239.132,LOW
58,Toughjoyfax,lromero1l,ldap_create,person,58,2016-06-19 04:55:41,170.220.57.28,HIGHT
386,Sub-Ex,kharrisonap,ldap_disable,computer,386,2016-06-19 09:29:17,6.206.240.153,HIGHT
847,Matsoft,jwilliamsni,ldap_create,person,847,2016-06-19 19:52:21,6.61.187.61,NORMAL
367,Matsoft,phowella6,ldap_change_password,person,367,2016-06-20 08:45:03,26.226.63.43,NORMAL
468,Holdlamis,awilliscz,ldap_create,,468,2016-06-20 12:49:37,88.217.53.229,NORMAL
421,Subin,nrogersbo,user_login,person,421,2016-06-20 16:12:31,74.219.119.119,HIGHT
494,Mat Lam Tam,fromerodp,ldap_change_password,computer,494,2016-06-20 20:43:42,33.87.87.156,LOW
154,Subin,vreyes49,user_login,person,154,2016-06-21 17:28:48,130.182.103.105,HIGHT
93,Bitwolf,cgilbert2k,user_create,,93,2016-06-22 11:56:31,95.174.207.60,HIGHT
757,Cardify,dhernandezl0,ldap_enable,person,757,2016-06-22 12:59:04,4.135.124.220,NORMAL
684,Tin,lnguyeniz,ldap_disable,,684,2016-06-23 02:10:27,232.244.60.47,HIGHT
543,Tresom,nmorganf2,ldap_disable,,543,2016-06-23 06:17:56,182.139.103.251,HIGHT
846,Voltsillam,acampbellnh,ldap_create,,846,2016-06-23 08:24:41,160.163.6.144,HIGHT
248,Redhold,ggardner6v,ldap_disable,computer,248,2016-06-23 10:44:38,15.7.4.32,HIGHT
348,Stringtough,jrussell9n,ldap_remove,,348,2016-06-23 12:26:29,234.226.109.180,NORMAL
538,Quo Lux,jbrooksex,user_create,person,538,2016-06-23 23:40:17,170.41.204.95,NORMAL
675,Tempsoft,jlopeziq,ldap_create,,675,2016-06-24 13:56:11,147.140.146.88,NORMAL
458,Stronghold,triveracp,user_login,computer,458,2016-06-25 05:47:38,212.156.195.139,HIGHT
905,Stronghold,msullivanp4,ldap_disable,computer,905,2016-06-25 08:22:30,130.19.232.112,NORMAL
663,Overhold,dfisherie,ldap_create,,663,2016-06-25 16:47:10,224.183.115.251,HIGHT
187,Rank,mwilliamson56,ldap_disable,person,187,2016-06-25 18:58:13,17.231.70.244,LOW
202,Domainer,lwelch5l,ldap_remove,person,202,2016-06-25 20:17:40,214.210.49.191,HIGHT
970,Home Ing,ngriffinqx,user_create,person,970,2016-06-26 22:27:15,16.0.180.185,NORMAL
407,Flowdesk,jberryba,user_login,computer,407,2016-06-27 12:25:36,174.170.169.132,HIGHT
987,Hatity,jowensre,user_login,,987,2016-06-27 15:26:25,37.131.202.214,NORMAL
593,Lotlux,scarrollgg,ldap_disable,computer,593,2016-06-27 22:47:47,145.2.7.93,LOW
817,Trippledex,ageorgemo,ldap_remove,person,817,2016-06-28 01:49:46,75.189.140.0,LOW
205,Span,nwalker5o,user_create,person,205,2016-06-28 19:42:28,166.167.222.101,LOW
90,Overhold,pross2h,ldap_remove,,90,2016-06-28 23:26:05,51.11.189.136,NORMAL
715,Transcof,ddiazju,ldap_enable,person,715,2016-06-29 01:20:29,192.187.77.131,NORMAL
39,Mat Lam Tam,bfields12,user_login,,39,2016-06-29 15:12:05,35.52.89.139,HIGHT
669,Y-Solowarm,tnguyenik,ldap_enable,,669,2016-06-30 02:00:39,171.219.191.198,HIGHT
320,Zoolab,vtaylor8v,user_login,computer,320,2016-06-30 18:06:40,3.52.13.235,HIGHT
588,Duobam,wwashingtongb,ldap_enable,,588,2016-06-30 18:46:56,167.20.52.42,HIGHT
449,Overhold,mjohnstoncg,ldap_change_password,computer,449,2016-07-01 02:41:39,11.122.136.85,LOW
274,Y-Solowarm,jjones7l,ldap_remove,person,274,2016-07-01 04:14:12,1.225.102.26,LOW
643,Zoolab,wjohnsonhu,ldap_enable,person,643,2016-07-01 04:59:43,146.115.202.132,NORMAL
60,Asoka,sknight1n,ldap_remove,,60,2016-07-01 07:54:11,47.82.134.211,NORMAL
844,Trippledex,vhowardnf,ldap_create,person,844,2016-07-01 08:29:14,157.7.26.242,NORMAL
734,Sonsing,lharriskd,user_login,computer,734,2016-07-01 14:07:47,237.59.37.166,LOW
201,Bitchip,jbradley5k,ldap_change_password,,201,2016-07-01 16:26:50,164.125.190.50,LOW
148,Alphazap,mthomas43,user_login,person,148,2016-07-02 14:32:13,46.84.141.78,NORMAL
630,Wrapsafe,rhansonhh,ldap_disable,,630,2016-07-02 16:15:49,133.1.224.165,NORMAL
480,Rank,kyoungdb,ldap_disable,,480,2016-07-03 02:08:05,66.226.94.111,HIGHT
139,Tin,cperkins3u,user_create,person,139,2016-07-03 05:36:01,198.3.217.181,LOW
710,Asoka,lsimsjp,user_create,computer,710,2016-07-03 11:25:10,57.79.92.17,HIGHT
424,Subin,mfloresbr,ldap_enable,person,424,2016-07-04 05:52:27,97.147.100.39,NORMAL
472,Otcom,mfreemand3,ldap_create,person,472,2016-07-04 11:17:11,169.4.139.34,HIGHT
533,Holdlamis,bwilliamsones,ldap_disable,computer,533,2016-07-04 18:07:01,56.132.160.189,HIGHT
940,Transcof,showellq3,user_login,person,940,2016-07-04 22:14:23,89.133.145.232,LOW
690,Aerified,erogersj5,user_login,,690,2016-07-05 09:50:06,186.213.189.90,HIGHT
499,Fix San,pphillipsdu,ldap_change_password,person,499,2016-07-05 22:15:36,204.162.29.148,LOW
338,Temp,chanson9d,user_login,computer,338,2016-07-05 23:46:25,232.79.78.89,HIGHT
79,Andalax,jgarza26,ldap_disable,person,79,2016-07-06 00:10:14,27.180.221.246,NORMAL
535,Quo Lux,jperryeu,ldap_enable,person,535,2016-07-06 02:29:30,112.58.88.235,LOW
720,Span,vmontgomeryjz,ldap_change_password,,720,2016-07-06 03:15:23,105.183.32.44,HIGHT
84,Tresom,abishop2b,ldap_enable,,84,2016-07-06 10:10:40,79.96.238.27,HIGHT
751,Gembucket,jporterku,user_login,person,751,2016-07-06 14:01:40,150.228.100.176,HIGHT
180,It,ssimpson4z,ldap_enable,,180,2016-07-06 22:02:58,235.99.59.44,LOW
942,Bitwolf,vscottq5,ldap_enable,,942,2016-07-07 19:24:09,31.124.235.118,NORMAL
881,Stronghold,bkennedyog,user_create,computer,881,2016-07-09 00:52:19,20.34.57.66,HIGHT
912,Stim,kfowlerpb,user_login,,912,2016-07-09 08:10:44,218.104.224.27,HIGHT
481,Viva,smurphydc,ldap_disable,person,481,2016-07-09 09:43:38,81.129.227.20,LOW
781,Regrant,nmoorelo,ldap_remove,person,781,2016-07-09 18:11:22,6.40.149.104,LOW
490,Trippledex,chicksdl,ldap_enable,person,490,2016-07-11 05:43:14,31.89.0.204,NORMAL
176,Daltfresh,lward4v,ldap_enable,computer,176,2016-07-11 09:03:17,39.163.4.238,LOW
26,Y-find,lramosp,ldap_enable,computer,26,2016-07-11 18:04:52,229.241.120.252,LOW
961,Bamity,mbryantqo,ldap_remove,person,961,2016-07-12 04:22:35,179.105.252.79,HIGHT
752,Zamit,jadamskv,ldap_change_password,computer,752,2016-07-12 10:02:41,214.167.4.200,NORMAL
584,Cookley,jberryg7,user_login,computer,584,2016-07-12 13:11:20,80.58.0.209,NORMAL
99,Span,sfernandez2q,ldap_disable,,99,2016-07-12 21:53:19,13.139.175.15,NORMAL
295,Cardify,jmurray86,user_login,person,295,2016-07-13 19:45:14,178.175.247.186,HIGHT
387,Cookley,acolemanaq,user_login,,387,2016-07-14 03:06:07,252.121.209.205,NORMAL
906,Flexidy,tgonzalesp5,ldap_enable,,906,2016-07-14 20:15:46,238.31.46.111,LOW
607,Sub-Ex,jdiazgu,user_create,person,607,2016-07-14 23:09:41,79.211.139.231,HIGHT
667,Viva,shicksii,user_create,person,667,2016-07-15 04:48:02,48.201.237.12,HIGHT
119,Zoolab,kjones3a,ldap_enable,computer,119,2016-07-15 06:51:32,233.121.212.102,NORMAL
973,Zathin,gwebbr0,ldap_change_password,person,973,2016-07-16 00:44:56,49.80.169.77,HIGHT
104,Voltsillam,aburns2v,ldap_change_password,computer,104,2016-07-16 09:07:10,29.1.216.191,LOW
838,Bamity,mgomezn9,user_create,person,838,2016-07-16 11:03:00,206.105.214.149,LOW
325,Bitchip,fhayes90,ldap_remove,person,325,2016-07-16 21:33:05,21.187.20.214,HIGHT
642,Matsoft,jandrewsht,ldap_disable,,642,2016-07-16 23:34:22,20.43.84.106,HIGHT
502,Zontrax,rgonzalesdx,ldap_disable,person,502,2016-07-18 13:07:37,183.251.187.126,NORMAL
229,Biodex,lcarter6c,ldap_disable,person,229,2016-07-18 22:24:19,23.150.67.188,LOW
41,Fintone,dgrant14,ldap_disable,computer,41,2016-07-18 22:35:40,111.214.223.66,NORMAL
401,Biodex,tbradleyb4,user_login,computer,401,2016-07-19 12:30:06,233.207.22.124,HIGHT
617,Biodex,ppierceh4,user_login,computer,617,2016-07-19 18:39:09,14.95.173.234,HIGHT
792,Matsoft,ppricelz,user_create,,792,2016-07-19 22:48:21,154.188.197.35,NORMAL
947,Y-Solowarm,djordanqa,ldap_create,computer,947,2016-07-20 03:21:37,237.171.21.111,NORMAL
522,Kanlam,wjordaneh,ldap_remove,,522,2016-07-20 13:08:23,162.83.130.126,NORMAL
575,Fix San,kfoxfy,ldap_remove,computer,575,2016-07-20 16:25:32,109.144.248.25,LOW
177,Span,cmorris4w,ldap_create,,177,2016-07-20 17:26:21,212.62.99.175,LOW
461,Duobam,ladamscs,ldap_create,computer,461,2016-07-21 02:24:39,0.15.208.152,HIGHT
437,Stringtough,cstonec4,user_create,computer,437,2016-07-21 16:54:13,145.65.29.110,LOW
286,Tempsoft,klarson7x,ldap_change_password,person,286,2016-07-21 23:43:41,58.14.239.82,LOW
51,Cardify,awelch1e,ldap_change_password,,51,2016-07-22 16:46:44,80.73.219.220,HIGHT
74,Domainer,ralvarez21,ldap_enable,computer,74,2016-07-22 23:53:38,155.34.243.153,LOW
390,Latlux,rbrooksat,user_create,,390,2016-07-23 02:50:53,52.5.238.23,NORMAL
578,Stringtough,scoxg1,user_login,computer,578,2016-07-23 06:40:25,217.133.70.255,LOW
5,Bitchip,wwatkins4,ldap_enable,computer,5,2016-07-23 11:36:05,252.61.2.43,NORMAL
431,Stronghold,lwarrenby,ldap_disable,computer,431,2016-07-23 12:04:58,32.195.143.230,NORMAL
614,Cookley,jmasonh1,ldap_enable,computer,614,2016-07-23 18:18:58,225.97.242.167,HIGHT
160,Fintone,hblack4f,ldap_enable,person,160,2016-07-24 10:45:16,139.60.111.47,LOW
634,Hatity,bbowmanhl,ldap_create,person,634,2016-07-24 22:15:43,22.154.172.186,LOW
821,Stronghold,ecastilloms,ldap_remove,computer,821,2016-07-25 03:43:19,26.246.82.193,LOW
12,Regrant,bmendozab,user_create,,12,2016-07-25 08:11:06,149.112.41.221,LOW
434,Stringtough,jhansenc1,user_login,computer,434,2016-07-26 19:31:07,192.142.175.29,HIGHT
891,Stringtough,twelchoq,ldap_change_password,,891,2016-07-27 01:20:42,27.56.0.226,HIGHT
359,Holdlamis,amorgan9y,ldap_create,computer,359,2016-07-27 14:32:49,136.74.188.33,HIGHT
526,Andalax,jburtonel,ldap_change_password,person,526,2016-07-27 17:22:29,35.100.118.51,HIGHT
8,Cardify,hedwards7,ldap_disable,computer,8,2016-07-27 20:18:11,228.59.2.248,NORMAL
548,Ronstring,swelchf7,user_create,computer,548,2016-07-28 10:51:05,114.128.14.242,NORMAL
310,Biodex,jrichards8l,user_create,person,310,2016-07-28 15:29:05,173.105.242.107,NORMAL
312,Opela,ahowell8n,ldap_disable,,312,2016-07-28 18:06:17,106.5.183.15,NORMAL
662,Andalax,iphillipsid,ldap_change_password,computer,662,2016-07-29 01:08:16,154.46.149.176,LOW
787,Pannier,jreidlu,user_create,person,787,2016-07-29 08:09:56,166.48.102.236,LOW
85,Zontrax,shenderson2c,user_login,person,85,2016-07-30 06:44:59,12.219.234.42,LOW
500,Cookley,wkelleydv,ldap_change_password,computer,500,2016-07-30 07:31:33,52.133.220.52,LOW
398,Flexidy,tdunnb1,user_create,computer,398,2016-07-30 09:43:36,38.20.97.211,HIGHT
183,Sub-Ex,mmartin52,ldap_change_password,,183,2016-07-30 10:18:48,76.36.241.158,NORMAL
185,Tresom,epeterson54,ldap_disable,computer,185,2016-07-30 17:52:39,39.50.160.20,LOW
950,Latlux,drayqd,ldap_change_password,computer,950,2016-07-30 18:37:53,45.37.48.19,LOW
349,Toughjoyfax,bphillips9o,ldap_disable,person,349,2016-07-30 23:52:57,194.239.141.53,HIGHT
459,Konklab,echapmancq,ldap_create,,459,2016-07-31 00:03:39,134.179.113.111,LOW
369,Mat Lam Tam,promeroa8,ldap_create,,369,2016-07-31 01:26:57,19.8.132.185,LOW
470,Konklab,drodriguezd1,ldap_create,computer,470,2016-07-31 03:35:13,157.175.52.52,HIGHT
925,Stim,dmatthewspo,ldap_remove,person,925,2016-07-31 03:57:09,132.216.197.196,HIGHT
157,Prodder,cjames4c,user_login,person,157,2016-07-31 10:18:24,25.125.102.197,LOW
805,Otcom,sharpermc,ldap_enable,person,805,2016-07-31 12:43:25,186.116.78.219,HIGHT
429,Latlux,jknightbw,ldap_change_password,,429,2016-07-31 19:05:03,91.156.250.169,LOW
525,Otcom,jhuntek,ldap_remove,,525,2016-07-31 22:50:51,50.54.22.122,HIGHT
700,Bytecard,jfullerjf,ldap_disable,person,700,2016-08-01 00:55:46,74.212.155.48,HIGHT
415,Temp,pkennedybi,ldap_create,person,415,2016-08-02 12:21:26,199.71.201.220,HIGHT
705,Bitchip,abrownjk,ldap_change_password,,705,2016-08-02 12:54:56,137.86.217.189,LOW
782,Bytecard,cwatsonlp,ldap_remove,computer,782,2016-08-02 13:34:03,223.159.22.184,LOW
983,Aerified,pmatthewsra,ldap_enable,computer,983,2016-08-03 21:20:02,197.52.232.85,NORMAL
161,Fix San,dweaver4g,ldap_enable,computer,161,2016-08-03 21:48:22,132.165.171.175,HIGHT
836,Fintone,pcolemann7,ldap_remove,computer,836,2016-08-04 09:09:25,198.221.129.239,HIGHT
194,Ventosanzap,mwoods5d,ldap_remove,computer,194,2016-08-04 22:37:18,90.67.123.110,NORMAL
167,Opela,blong4m,ldap_create,computer,167,2016-08-05 07:45:45,78.129.88.93,HIGHT
749,Flexidy,candersonks,user_login,computer,749,2016-08-06 00:12:32,78.142.171.240,NORMAL
81,Bitwolf,aolson28,user_login,,81,2016-08-06 02:28:29,243.134.159.45,HIGHT
990,Ventosanzap,breyesrh,ldap_enable,,990,2016-08-06 07:51:24,212.91.103.20,NORMAL
651,Pannier,ktorresi2,user_login,,651,2016-08-07 15:00:16,188.61.196.25,NORMAL
306,Tresom,jharvey8h,user_login,,306,2016-08-07 18:10:23,78.238.81.105,LOW
35,Rank,kparkery,ldap_disable,computer,35,2016-08-08 01:13:22,123.29.19.204,NORMAL
199,Namfix,mperez5i,user_create,person,199,2016-08-08 01:35:07,178.102.158.242,NORMAL
698,Biodex,gchavezjd,ldap_change_password,computer,698,2016-08-08 01:40:51,1.52.208.149,NORMAL
885,Fintone,jdeanok,ldap_create,,885,2016-08-08 05:59:33,242.41.179.71,LOW
124,Zontrax,fjacobs3f,ldap_enable,person,124,2016-08-08 13:01:52,167.77.183.9,HIGHT
169,Flowdesk,bfreeman4o,ldap_disable,person,169,2016-08-08 18:07:36,182.86.100.183,NORMAL
24,Y-Solowarm,jwillisn,ldap_change_password,,24,2016-08-08 23:00:07,148.6.226.180,NORMAL
251,Tres-Zap,lpeterson6y,ldap_remove,computer,251,2016-08-09 06:40:34,128.254.209.207,HIGHT
75,Bamity,wberry22,ldap_remove,,75,2016-08-09 08:42:14,83.168.162.144,LOW
975,Tin,gdiazr2,user_login,,975,2016-08-10 03:42:02,204.125.28.100,HIGHT
469,Subin,jmartind0,user_login,person,469,2016-08-10 12:59:36,189.197.215.64,NORMAL
66,Treeflex,cbarnes1t,ldap_enable,,66,2016-08-10 13:53:17,137.179.171.73,HIGHT
86,Hatity,cwatkins2d,user_create,computer,86,2016-08-10 20:08:31,169.27.58.191,NORMAL
277,Trippledex,psanders7o,ldap_disable,person,277,2016-08-11 19:21:15,30.4.92.49,LOW
913,Kanlam,jkennedypc,user_login,person,913,2016-08-12 00:25:31,167.228.222.108,HIGHT
722,Lotstring,pmccoyk1,ldap_change_password,computer,722,2016-08-12 19:43:11,60.251.172.87,LOW
731,Temp,gpeterska,user_create,computer,731,2016-08-13 22:38:00,97.140.137.232,HIGHT
546,Lotstring,rfieldsf5,ldap_remove,,546,2016-08-13 22:38:16,102.169.30.238,NORMAL
184,Holdlamis,ddaniels53,user_login,person,184,2016-08-14 11:47:28,92.194.51.205,NORMAL
646,Bytecard,chawkinshx,ldap_remove,person,646,2016-08-14 15:47:46,219.153.88.59,LOW
839,Keylex,bcunninghamna,user_create,computer,839,2016-08-14 21:54:46,151.22.84.206,HIGHT
735,Toughjoyfax,dnelsonke,ldap_create,,735,2016-08-15 10:39:48,79.184.30.120,HIGHT
129,Andalax,awelch3k,ldap_disable,,129,2016-08-15 13:01:48,212.201.63.197,HIGHT
408,Hatity,jbishopbb,user_create,,408,2016-08-16 06:02:36,59.68.157.217,HIGHT
677,Otcom,redwardsis,user_create,computer,677,2016-08-16 07:28:23,15.105.228.72,LOW
544,Zoolab,afrazierf3,ldap_enable,person,544,2016-08-16 10:31:33,80.187.42.53,NORMAL
444,Holdlamis,cmoralescb,ldap_change_password,,444,2016-08-17 19:22:33,37.247.187.100,NORMAL
861,Tin,eyoungnw,user_login,,861,2016-08-18 00:13:11,0.226.59.90,HIGHT
693,Vagram,sfergusonj8,ldap_enable,,693,2016-08-18 00:17:34,220.157.39.60,HIGHT
21,Biodex,greedk,ldap_enable,,21,2016-08-18 04:21:55,196.253.211.138,HIGHT
271,Redhold,lowens7i,ldap_create,person,271,2016-08-18 06:56:20,143.142.86.96,HIGHT
981,Aerified,jrobertsonr8,ldap_remove,,981,2016-08-18 07:47:17,236.122.28.27,NORMAL
601,Pannier,hstanleygo,ldap_create,person,601,2016-08-18 14:49:18,165.190.145.231,LOW
404,Opela,cphillipsb7,user_create,computer,404,2016-08-18 15:56:38,37.255.142.138,LOW
178,Treeflex,vflores4x,user_login,person,178,2016-08-19 02:17:12,63.140.222.89,LOW
518,Overhold,ahowelled,ldap_change_password,computer,518,2016-08-19 04:05:06,193.96.109.135,LOW
654,Ronstring,aburkei5,ldap_disable,,654,2016-08-19 15:20:56,187.239.31.95,HIGHT
559,Vagram,ttorresfi,ldap_enable,person,559,2016-08-19 16:59:40,3.138.97.34,LOW
592,Fix San,jkelleygf,ldap_remove,person,592,2016-08-19 17:16:43,184.226.218.77,HIGHT
243,It,srose6q,ldap_change_password,,243,2016-08-19 19:54:22,54.15.186.229,HIGHT
807,Bytecard,alawrenceme,ldap_create,,807,2016-08-20 17:49:33,111.227.28.113,HIGHT
268,Domainer,lsnyder7f,ldap_change_password,person,268,2016-08-21 01:52:37,98.221.219.188,HIGHT
916,Matsoft,amccoypf,ldap_enable,person,916,2016-08-21 04:31:42,119.16.117.20,NORMAL
216,Fintone,jduncan5z,ldap_disable,,216,2016-08-21 07:08:50,91.213.205.188,LOW
253,Tempsoft,phawkins70,ldap_change_password,person,253,2016-08-21 09:49:24,172.117.26.45,NORMAL
569,Andalax,sgomezfs,ldap_create,computer,569,2016-08-21 16:26:54,54.124.204.100,NORMAL
462,Ventosanzap,swilliamsonct,ldap_create,,462,2016-08-21 17:18:03,16.121.149.234,NORMAL
61,Sub-Ex,aferguson1o,ldap_disable,person,61,2016-08-23 21:51:10,108.185.97.245,LOW
841,Flowdesk,mellisnc,user_create,person,841,2016-08-24 00:39:54,63.137.149.175,NORMAL
786,Bamity,swagnerlt,ldap_change_password,,786,2016-08-24 02:33:09,128.129.33.192,HIGHT
155,Tresom,jrivera4a,ldap_enable,computer,155,2016-08-24 19:42:20,155.225.175.122,HIGHT
413,Prodder,tchapmanbg,ldap_enable,computer,413,2016-08-25 04:07:09,27.163.69.132,NORMAL
392,Tampflex,ahansenav,ldap_remove,computer,392,2016-08-25 15:14:16,32.1.29.116,LOW
746,Matsoft,abaileykp,ldap_create,computer,746,2016-08-25 20:57:38,116.250.249.199,NORMAL
114,Overhold,aortiz35,ldap_disable,,114,2016-08-26 00:37:10,177.78.112.186,NORMAL
767,Cookley,jcastillola,ldap_remove,computer,767,2016-08-26 22:53:26,148.132.22.132,NORMAL
873,Home Ing,wperryo8,user_create,,873,2016-08-27 07:58:52,165.135.46.83,HIGHT
762,Otcom,kgrayl5,ldap_enable,,762,2016-08-27 11:12:28,244.110.249.183,LOW
687,Pannier,eharveyj2,ldap_remove,,687,2016-08-27 16:46:43,8.85.168.118,LOW
501,It,kmorrisondw,ldap_disable,,501,2016-08-27 21:13:57,17.82.221.228,HIGHT
856,Zathin,atorresnr,user_create,person,856,2016-08-28 05:15:34,17.42.243.184,NORMAL
824,Overhold,cburnsmv,ldap_create,computer,824,2016-08-28 06:06:36,193.211.81.18,HIGHT
842,Zathin,hrosend,user_create,computer,842,2016-08-28 14:38:26,221.245.232.91,HIGHT
112,Bamity,cperkins33,ldap_disable,person,112,2016-08-29 01:13:17,22.243.158.179,NORMAL
788,It,jevanslv,ldap_create,computer,788,2016-08-29 13:09:51,114.231.105.240,NORMAL
540,Pannier,ttaylorez,ldap_create,,540,2016-08-30 00:36:05,194.200.246.65,HIGHT
303,Job,sgonzales8e,ldap_enable,,303,2016-08-30 06:51:29,164.58.232.50,HIGHT
252,Gembucket,jwilliamson6z,ldap_enable,,252,2016-08-30 20:17:06,104.246.61.141,HIGHT
996,Home Ing,jhernandezrn,ldap_create,,996,2016-08-31 00:25:41,76.175.38.176,HIGHT
495,Greenlam,creyesdq,ldap_disable,,495,2016-08-31 01:42:41,73.115.254.255,HIGHT
647,Quo Lux,aortizhy,ldap_enable,computer,647,2016-08-31 11:10:08,176.67.28.33,NORMAL
899,Aerified,jhudsonoy,ldap_enable,computer,899,2016-08-31 14:15:17,12.172.222.34,NORMAL
565,Zaam-Dox,bsimmonsfo,ldap_remove,person,565,2016-08-31 15:39:51,135.79.88.141,NORMAL
726,Zaam-Dox,sgreenek5,ldap_change_password,,726,2016-09-01 16:07:22,243.187.178.17,HIGHT
616,Home Ing,sfloresh3,user_login,person,616,2016-09-01 20:35:00,216.127.209.190,LOW
228,Prodder,bburke6b,user_create,,228,2016-09-01 22:07:03,214.16.91.104,LOW
172,Y-Solowarm,bharris4r,ldap_remove,person,172,2016-09-02 06:07:38,37.178.40.252,LOW
91,Fix San,rhughes2i,ldap_disable,person,91,2016-09-02 06:31:16,189.25.34.36,LOW
866,Stringtough,jwagnero1,ldap_change_password,computer,866,2016-09-02 13:10:20,135.119.113.134,LOW
699,Zontrax,jfullerje,user_create,,699,2016-09-02 16:21:36,246.184.223.226,NORMAL
47,Konklux,kgray1a,ldap_remove,computer,47,2016-09-02 17:02:09,26.160.12.84,NORMAL
234,Konklab,vriley6h,ldap_remove,,234,2016-09-03 01:47:21,104.105.201.86,HIGHT
911,Sub-Ex,drogerspa,ldap_change_password,computer,911,2016-09-03 18:36:30,162.88.189.54,HIGHT
188,Prodder,mlittle57,user_login,computer,188,2016-09-04 12:49:06,215.29.74.211,NORMAL
116,Cardify,jsanders37,ldap_disable,computer,116,2016-09-04 15:44:27,229.213.227.138,HIGHT
379,Aerified,jgonzalesai,ldap_change_password,person,379,2016-09-04 18:51:21,131.176.48.10,HIGHT
823,Flowdesk,jmarshallmu,ldap_disable,person,823,2016-09-04 23:20:23,173.43.76.63,LOW
571,Quo Lux,crobinsonfu,user_create,person,571,2016-09-05 21:27:42,131.106.85.150,HIGHT
134,Duobam,parnold3p,ldap_disable,computer,134,2016-09-05 21:49:42,56.50.183.127,NORMAL
506,Bitwolf,tmorenoe1,ldap_create,computer,506,2016-09-06 05:44:20,40.171.201.52,HIGHT
197,Treeflex,smorgan5g,user_create,computer,197,2016-09-09 00:20:21,154.126.112.186,LOW
737,Temp,rknightkg,ldap_create,computer,737,2016-09-10 08:03:45,94.249.28.153,HIGHT
627,Kanlam,jhenryhe,ldap_remove,,627,2016-09-10 20:00:33,191.226.160.154,HIGHT
714,Sonsing,jgonzalezjt,ldap_change_password,,714,2016-09-10 20:17:51,183.247.184.64,HIGHT
798,Bamity,gdixonm5,ldap_remove,,798,2016-09-11 08:45:37,107.120.36.217,LOW
100,Daltfresh,sdean2r,ldap_change_password,person,100,2016-09-11 23:12:52,111.231.99.52,LOW
206,Bitchip,lmurray5p,ldap_create,computer,206,2016-09-12 01:31:57,24.0.146.53,HIGHT
65,Vagram,sdaniels1s,ldap_remove,computer,65,2016-09-12 08:16:09,128.95.67.207,LOW
962,Alphazap,hweaverqp,user_login,computer,962,2016-09-13 02:12:34,30.41.8.228,NORMAL
294,Voltsillam,mhenry85,user_create,,294,2016-09-13 03:13:58,94.218.88.80,NORMAL
96,Holdlamis,lward2n,user_create,,96,2016-09-13 05:35:34,204.52.218.177,NORMAL
304,Otcom,mgutierrez8f,user_create,person,304,2016-09-13 07:47:25,187.204.2.252,LOW
537,Sonsing,cjamesew,ldap_enable,,537,2016-09-14 09:17:00,82.114.45.223,HIGHT
395,Lotlux,wwhiteay,user_login,computer,395,2016-09-14 11:56:35,27.223.171.70,LOW
907,Bigtax,aclarkp6,ldap_remove,person,907,2016-09-14 21:16:37,19.203.212.186,LOW
902,Zamit,jlewisp1,user_login,computer,902,2016-09-15 03:26:29,115.88.189.191,NORMAL
702,Tresom,rtaylorjh,ldap_remove,,702,2016-09-15 04:16:59,255.3.225.4,HIGHT
236,Bitchip,kgarcia6j,user_create,computer,236,2016-09-15 15:15:50,0.167.238.171,NORMAL
27,Zathin,estevensq,user_login,,27,2016-09-16 19:43:43,116.0.18.141,HIGHT
354,Domainer,rward9t,ldap_disable,,354,2016-09-17 00:22:23,113.40.52.67,HIGHT
145,Job,tlittle40,user_create,person,145,2016-09-17 20:02:58,159.202.230.109,LOW
195,Ronstring,jpatterson5e,ldap_disable,,195,2016-09-18 06:48:27,242.243.71.62,NORMAL
610,Latlux,ehuntergx,user_login,person,610,2016-09-18 20:16:10,208.219.93.148,LOW
179,Bamity,rstanley4y,ldap_enable,computer,179,2016-09-19 14:33:26,221.121.239.151,LOW
772,Greenlam,jhansonlf,ldap_disable,person,772,2016-09-19 22:57:37,50.242.104.198,NORMAL
118,Greenlam,rarmstrong39,ldap_remove,person,118,2016-09-20 07:56:11,221.115.76.94,NORMAL
29,Tres-Zap,rwards,user_login,computer,29,2016-09-22 06:21:16,1.2.155.163,LOW
516,Ventosanzap,jbrowneb,ldap_enable,,516,2016-09-22 22:13:05,187.66.109.218,HIGHT
55,Zamit,mbell1i,ldap_create,person,55,2016-09-23 08:40:14,141.8.178.86,HIGHT
530,Tempsoft,psandersep,ldap_create,computer,530,2016-09-23 11:29:47,55.57.108.29,HIGHT
679,Keylex,cbanksiu,ldap_enable,person,679,2016-09-24 04:39:15,15.53.30.198,NORMAL
361,Lotstring,rjacobsa0,ldap_disable,person,361,2016-09-24 16:57:18,8.169.183.174,HIGHT
48,Aerified,pward1b,user_login,,48,2016-09-25 04:58:25,215.17.45.31,NORMAL
447,Latlux,jwardce,ldap_remove,,447,2016-09-25 22:56:54,133.250.149.165,HIGHT
884,Y-Solowarm,rjonesoj,user_create,computer,884,2016-09-26 05:00:47,198.92.12.153,LOW
937,Bitwolf,promeroq0,user_create,person,937,2016-09-26 16:17:44,23.240.228.220,HIGHT
858,Quo Lux,caustinnt,ldap_enable,,858,2016-09-27 12:31:23,135.220.57.156,NORMAL
450,Flowdesk,vcoxch,ldap_remove,,450,2016-09-27 18:48:49,49.56.166.124,LOW
410,Zaam-Dox,agarzabd,ldap_change_password,computer,410,2016-09-28 00:25:58,137.126.86.67,NORMAL
974,Treeflex,mgrantr1,ldap_disable,computer,974,2016-09-28 20:40:47,25.237.49.236,NORMAL
324,Bitchip,ahowell8z,ldap_disable,,324,2016-09-29 09:46:34,155.91.16.26,LOW
960,It,glawrenceqn,user_create,,960,2016-09-29 19:05:43,85.16.45.218,LOW
219,Bigtax,bbaker62,ldap_enable,,219,2016-09-30 01:56:18,139.144.124.199,NORMAL
649,Pannier,lburkei0,user_create,person,649,2016-09-30 02:09:44,77.164.117.159,HIGHT
37,Asoka,rgriffin10,user_create,person,37,2016-09-30 03:02:32,112.14.90.188,LOW
979,Bitchip,ebutlerr6,ldap_remove,person,979,2016-09-30 12:51:16,34.122.86.255,NORMAL
9,Andalax,jmccoy8,ldap_change_password,,9,2016-09-30 15:02:56,203.14.85.142,LOW
18,It,jdeanh,user_create,,18,2016-10-01 20:24:33,33.68.112.150,HIGHT
342,Daltfresh,rbowman9h,ldap_change_password,,342,2016-10-02 04:58:14,167.38.170.72,NORMAL
568,Ventosanzap,lreyesfr,user_login,person,568,2016-10-02 09:51:27,167.34.61.76,NORMAL
743,Bigtax,ccolemankm,ldap_create,computer,743,2016-10-03 03:26:09,187.221.248.82,NORMAL
673,Aerified,mhendersonio,user_create,person,673,2016-10-03 15:40:33,142.218.122.244,HIGHT
483,Zaam-Dox,kmorenode,ldap_disable,,483,2016-10-04 06:43:03,134.205.147.31,HIGHT
25,Biodex,sdixono,ldap_change_password,person,25,2016-10-04 16:52:06,190.111.140.83,NORMAL
364,Trippledex,spetersona3,ldap_disable,person,364,2016-10-04 23:26:26,236.219.191.49,LOW
682,Konklux,spierceix,ldap_change_password,person,682,2016-10-05 08:05:50,162.186.206.136,LOW
54,Ronstring,sferguson1h,ldap_create,,54,2016-10-05 10:49:58,60.14.34.252,HIGHT
477,Fix San,cdayd8,ldap_enable,,477,2016-10-05 14:17:53,111.48.5.92,HIGHT
356,Vagram,jjones9v,user_login,computer,356,2016-10-06 03:21:45,77.55.133.38,LOW
971,Y-Solowarm,chenryqy,user_create,computer,971,2016-10-06 09:50:40,218.74.59.203,HIGHT
275,Tresom,kcarpenter7m,user_create,computer,275,2016-10-06 18:44:22,124.87.54.8,LOW
265,Bigtax,jspencer7c,ldap_change_password,person,265,2016-10-06 20:47:52,247.54.248.135,HIGHT
72,Aerified,rrussell1z,ldap_enable,,72,2016-10-07 10:19:40,140.77.99.52,LOW
212,Cardguard,rrodriguez5v,user_create,computer,212,2016-10-07 21:52:35,75.9.125.49,NORMAL
465,Duobam,jhayescw,user_create,,465,2016-10-08 06:59:36,10.183.201.252,NORMAL
910,Temp,swalkerp9,ldap_change_password,person,910,2016-10-08 14:00:24,252.109.231.58,LOW
372,Otcom,kryanab,user_create,,372,2016-10-08 23:46:57,182.131.46.177,LOW
760,Sonsing,cwestl3,ldap_change_password,person,760,2016-10-09 17:39:59,88.26.29.162,LOW
951,Andalax,acollinsqe,ldap_enable,,951,2016-10-10 01:09:02,149.141.26.92,HIGHT
156,Toughjoyfax,vmorgan4b,ldap_enable,,156,2016-10-10 07:30:24,174.156.136.165,LOW
995,Alpha,hmartinrm,user_login,computer,995,2016-10-10 10:14:01,235.14.97.3,NORMAL
945,Asoka,bcoxq8,ldap_disable,,945,2016-10-10 14:42:17,47.83.20.43,HIGHT
337,Latlux,egarcia9c,ldap_create,person,337,2016-10-10 18:11:19,183.255.110.16,HIGHT
978,Zamit,nwatsonr5,ldap_disable,,978,2016-10-10 21:44:14,104.165.10.97,HIGHT
455,Cardguard,tkellycm,ldap_create,computer,455,2016-10-10 22:15:29,153.187.105.154,HIGHT
882,Cardguard,ckelleyoh,ldap_remove,,882,2016-10-11 04:45:39,154.45.175.108,HIGHT
510,Transcof,jmorrisone5,ldap_change_password,,510,2016-10-11 08:44:56,101.6.174.82,HIGHT
493,Lotlux,pgarrettdo,ldap_create,person,493,2016-10-11 15:32:32,40.116.194.48,NORMAL
293,Tampflex,hfields84,user_login,computer,293,2016-10-12 03:46:02,161.155.63.167,NORMAL
341,Andalax,wholmes9g,ldap_remove,computer,341,2016-10-12 09:53:51,144.105.206.96,HIGHT
115,Rank,esimpson36,ldap_enable,person,115,2016-10-12 15:10:02,104.184.27.74,NORMAL
131,Zoolab,mgrant3m,ldap_change_password,computer,131,2016-10-12 15:39:33,238.140.16.223,HIGHT
558,Lotstring,jpiercefh,ldap_create,,558,2016-10-12 23:01:00,162.99.216.201,HIGHT
198,Zoolab,jstanley5h,ldap_remove,,198,2016-10-12 23:39:51,13.69.227.122,LOW
803,Duobam,dmasonma,user_login,computer,803,2016-10-13 15:52:25,182.134.52.128,HIGHT
28,Veribet,awebbr,ldap_create,person,28,2016-10-14 01:20:45,189.185.252.243,NORMAL
541,Greenlam,crobinsonf0,user_create,person,541,2016-10-14 02:12:51,217.34.248.33,HIGHT
42,Bytecard,jhunter15,user_login,,42,2016-10-14 08:02:11,99.239.81.187,NORMAL
95,It,jcruz2m,user_login,computer,95,2016-10-15 16:58:37,95.53.101.113,NORMAL
289,Voltsillam,schapman80,ldap_disable,person,289,2016-10-15 23:44:02,122.109.11.204,HIGHT
366,Prodder,bcampbella5,user_login,,366,2016-10-16 01:19:21,14.189.169.33,LOW
258,Vagram,dmedina75,user_create,,258,2016-10-16 15:43:18,44.137.49.185,HIGHT
822,Otcom,gedwardsmt,ldap_disable,,822,2016-10-17 02:06:23,76.67.138.2,HIGHT
638,Keylex,acruzhp,user_create,computer,638,2016-10-17 03:58:15,46.41.206.155,NORMAL
766,Cookley,rbennettl9,ldap_disable,person,766,2016-10-17 05:36:24,210.207.232.8,LOW
109,Bitchip,kramos30,user_create,person,109,2016-10-17 07:07:03,77.134.38.248,NORMAL
791,Bytecard,kwashingtonly,user_create,computer,791,2016-10-18 22:06:55,23.52.164.5,HIGHT
511,Flowdesk,agarrette6,ldap_enable,person,511,2016-10-19 14:35:58,153.164.246.12,NORMAL
736,Prodder,agilbertkf,ldap_change_password,person,736,2016-10-19 16:38:24,128.191.0.59,HIGHT
587,Ronstring,dfloresga,ldap_enable,computer,587,2016-10-19 17:17:56,104.104.130.246,NORMAL
892,Subin,alopezor,ldap_change_password,person,892,2016-10-20 06:14:14,27.114.23.206,LOW
668,Sub-Ex,sgordonij,ldap_disable,computer,668,2016-10-21 14:07:43,22.186.153.247,NORMAL
496,Y-find,mramirezdr,ldap_change_password,person,496,2016-10-21 17:00:25,19.99.104.19,HIGHT
457,Vagram,dhicksco,user_login,person,457,2016-10-21 19:34:11,254.48.83.228,LOW
768,Toughjoyfax,lreynoldslb,ldap_remove,,768,2016-10-21 19:46:22,12.76.39.12,HIGHT
597,Opela,clewisgk,user_login,,597,2016-10-22 07:11:31,93.116.254.146,LOW
917,Gembucket,mtaylorpg,user_login,computer,917,2016-10-22 10:28:10,172.58.135.203,NORMAL
344,Namfix,efuller9j,ldap_change_password,computer,344,2016-10-23 22:28:50,136.189.67.51,LOW
867,It,bhernandezo2,user_create,,867,2016-10-24 01:57:23,70.112.234.219,NORMAL
598,Holdlamis,rrodriguezgl,user_create,person,598,2016-10-24 02:14:47,77.254.142.226,HIGHT
901,Lotlux,kgreenp0,ldap_change_password,person,901,2016-10-24 02:48:32,179.29.191.252,LOW
256,Flexidy,hbell73,ldap_change_password,person,256,2016-10-24 05:39:38,255.182.140.0,HIGHT
302,Zontrax,jgraham8d,user_login,computer,302,2016-10-24 06:46:49,212.111.141.110,HIGHT
871,Duobam,jsullivano6,ldap_disable,person,871,2016-10-24 12:51:45,9.148.25.82,HIGHT
211,Konklab,jstone5u,user_login,person,211,2016-10-24 19:44:57,201.139.96.223,LOW
661,Y-Solowarm,psnyderic,ldap_disable,person,661,2016-10-24 20:53:11,24.31.50.103,NORMAL
895,Flexidy,hrodriguezou,user_create,person,895,2016-10-25 06:10:06,70.129.123.231,NORMAL
813,Zoolab,rcoxmk,ldap_disable,,813,2016-10-25 10:58:16,225.122.251.144,NORMAL
773,Solarbreeze,alewislg,user_login,computer,773,2016-10-25 17:24:28,122.47.100.143,HIGHT
997,Opela,jfowlerro,ldap_change_password,person,997,2016-10-25 19:28:36,230.217.227.134,LOW
498,Duobam,drichardsondt,ldap_change_password,,498,2016-10-26 02:21:55,177.254.120.220,LOW
676,Lotstring,pspencerir,ldap_create,person,676,2016-10-27 06:34:10,20.224.245.153,NORMAL
208,Bitchip,twalker5r,ldap_remove,person,208,2016-10-27 07:14:17,197.115.90.119,HIGHT
730,Overhold,kmurphyk9,ldap_disable,person,730,2016-10-27 09:17:45,187.205.149.167,HIGHT
241,Span,lbradley6o,ldap_create,person,241,2016-10-28 06:09:06,32.216.131.107,HIGHT
420,Keylex,bjohnstonbn,ldap_remove,,420,2016-10-28 08:05:09,59.168.100.123,NORMAL
870,Stringtough,lscotto5,user_create,,870,2016-10-28 14:51:25,202.156.20.96,LOW
438,Gembucket,cjonesc5,ldap_change_password,,438,2016-10-29 14:03:33,24.101.14.224,LOW
686,Toughjoyfax,rfernandezj1,ldap_create,computer,686,2016-10-29 14:24:56,131.232.168.202,HIGHT
64,Alphazap,pgardner1r,ldap_enable,person,64,2016-10-29 22:34:08,29.73.201.126,NORMAL
770,Temp,pgarzald,ldap_enable,computer,770,2016-10-29 23:31:54,238.42.115.65,NORMAL
182,Kanlam,dmurray51,ldap_remove,computer,182,2016-10-30 10:04:29,212.112.152.200,LOW
209,Stronghold,cgraham5s,user_create,computer,209,2016-10-30 10:12:23,142.139.126.136,HIGHT
671,Bamity,hjohnsonim,user_create,computer,671,2016-10-30 19:57:45,99.213.181.232,NORMAL
402,Alpha,mparkerb5,ldap_disable,,402,2016-10-31 22:16:16,41.195.242.217,LOW
284,Viva,jmurray7v,ldap_disable,computer,284,2016-10-31 23:13:51,20.63.21.239,NORMAL
305,Hatity,djackson8g,ldap_remove,computer,305,2016-11-01 08:40:21,122.111.0.92,LOW
237,Tin,jphillips6k,ldap_change_password,,237,2016-11-01 08:56:54,151.227.128.74,NORMAL
660,Opela,jhudsonib,user_create,,660,2016-11-02 07:29:24,183.244.151.93,HIGHT
573,Aerified,kcookfw,ldap_remove,,573,2016-11-02 22:00:49,126.85.34.135,HIGHT
539,Biodex,awoodsey,ldap_disable,computer,539,2016-11-03 02:07:38,252.178.56.89,HIGHT
317,Temp,spatterson8s,user_login,computer,317,2016-11-03 02:12:56,252.163.184.161,LOW
383,Zaam-Dox,estevensam,ldap_create,computer,383,2016-11-03 02:42:45,111.178.147.212,HIGHT
774,Holdlamis,pgilbertlh,ldap_enable,,774,2016-11-03 13:01:49,133.91.36.11,HIGHT
797,Zamit,sruizm4,user_create,computer,797,2016-11-03 18:37:34,241.160.191.154,LOW
52,Tres-Zap,ireyes1f,ldap_create,person,52,2016-11-04 07:31:26,129.131.114.193,NORMAL
590,Lotlux,mfishergd,user_create,computer,590,2016-11-05 02:57:11,199.49.186.37,LOW
311,Veribet,cray8m,ldap_create,computer,311,2016-11-06 00:52:34,167.180.104.119,HIGHT
832,Namfix,jrossn3,ldap_disable,person,832,2016-11-06 11:11:20,158.164.198.28,HIGHT
376,Cardguard,estephensaf,user_create,person,376,2016-11-06 19:41:51,114.235.219.217,NORMAL
315,Overhold,jarmstrong8q,ldap_enable,,315,2016-11-07 07:33:25,46.68.85.93,NORMAL
92,Duobam,aandrews2j,ldap_enable,computer,92,2016-11-07 21:50:57,203.107.35.69,NORMAL
453,Stim,ngrahamck,user_create,,453,2016-11-08 00:10:00,103.15.249.101,HIGHT
826,Stringtough,dpaynemx,ldap_create,person,826,2016-11-08 09:17:26,179.177.239.217,LOW
908,Stringtough,jmoorep7,ldap_disable,computer,908,2016-11-10 13:05:04,88.65.253.202,LOW
580,Vagram,wcrawfordg3,user_login,person,580,2016-11-10 13:47:01,74.173.192.100,HIGHT
691,Ventosanzap,rmeyerj6,user_login,person,691,2016-11-10 14:02:01,198.224.170.30,HIGHT
738,Bitchip,jbryantkh,ldap_remove,,738,2016-11-10 18:43:27,125.41.83.146,NORMAL
322,Trippledex,rcarpenter8x,user_create,person,322,2016-11-11 03:35:38,184.16.187.6,NORMAL
270,Fixflex,ahanson7h,user_create,,270,2016-11-11 04:09:14,57.179.21.126,NORMAL
210,Subin,lelliott5t,ldap_remove,,210,2016-11-11 04:12:11,145.179.84.235,HIGHT
802,Zoolab,lfowlerm9,ldap_create,person,802,2016-11-11 09:56:06,17.95.4.103,HIGHT
132,Keylex,sflores3n,user_login,,132,2016-11-11 10:15:29,18.85.85.53,HIGHT
606,Stronghold,jlanegt,ldap_create,,606,2016-11-11 12:04:52,82.132.144.132,LOW
733,Prodder,rcampbellkc,user_login,person,733,2016-11-12 02:01:37,171.68.1.78,LOW
672,Hatity,jmasonin,ldap_enable,,672,2016-11-12 04:06:18,111.231.74.252,HIGHT
639,Sonsing,cwelchhq,ldap_create,,639,2016-11-12 13:05:35,61.228.41.61,HIGHT
719,Opela,dcampbelljy,ldap_enable,computer,719,2016-11-12 19:03:30,95.143.134.186,HIGHT
464,Ventosanzap,lmoorecv,ldap_change_password,computer,464,2016-11-13 08:13:57,216.27.20.225,LOW
969,Quo Lux,wmorenoqw,user_login,,969,2016-11-13 22:08:42,65.167.48.133,HIGHT
701,Tin,cwashingtonjg,user_create,computer,701,2016-11-14 01:16:47,89.67.240.230,NORMAL
779,Zamit,ccrawfordlm,ldap_create,computer,779,2016-11-14 05:46:40,93.70.235.110,HIGHT
806,Cardify,pgonzalezmd,ldap_create,computer,806,2016-11-14 09:06:30,160.52.159.222,NORMAL
845,Bitchip,mmillsng,ldap_create,computer,845,2016-11-14 09:58:14,170.72.59.167,NORMAL
371,Prodder,melliottaa,ldap_enable,computer,371,2016-11-14 13:58:18,154.247.236.50,HIGHT
296,Matsoft,llittle87,user_login,computer,296,2016-11-15 03:49:16,197.193.108.39,LOW
665,Voyatouch,jjonesig,ldap_disable,computer,665,2016-11-15 04:37:41,42.13.254.50,HIGHT
934,Lotlux,jwoodpx,ldap_remove,person,934,2016-11-15 07:49:54,93.59.102.220,LOW
318,Fix San,rreynolds8t,ldap_remove,,318,2016-11-15 19:25:09,31.142.90.57,LOW
926,Bitchip,rgilbertpp,user_create,computer,926,2016-11-16 05:40:30,250.177.186.250,HIGHT
340,Trippledex,dreid9f,ldap_remove,person,340,2016-11-16 07:11:18,231.11.32.219,NORMAL
425,Mat Lam Tam,dburkebs,ldap_disable,computer,425,2016-11-16 22:21:50,133.250.130.205,HIGHT
68,Bigtax,asanders1v,ldap_change_password,computer,68,2016-11-17 06:04:19,247.119.192.93,LOW
621,Alpha,jhunth8,ldap_disable,,621,2016-11-17 17:57:41,78.81.37.126,NORMAL
335,Lotstring,barnold9a,ldap_enable,computer,335,2016-11-17 21:17:48,212.203.81.197,LOW
257,Biodex,amedina74,user_create,computer,257,2016-11-18 12:43:22,38.49.67.123,HIGHT
674,Tres-Zap,mrobertsip,user_create,computer,674,2016-11-18 18:18:21,229.6.135.96,HIGHT
36,Tampflex,wmcdonaldz,ldap_create,,36,2016-11-18 21:13:20,154.243.63.37,HIGHT
170,Fintone,bgreene4p,ldap_create,computer,170,2016-11-18 22:22:50,173.248.125.8,HIGHT
811,Lotstring,jchavezmi,ldap_enable,person,811,2016-11-19 04:13:29,79.221.181.159,NORMAL
780,Fintone,awoodsln,ldap_remove,,780,2016-11-19 12:47:30,66.186.112.29,HIGHT
15,Sub-Ex,polivere,user_create,,15,2016-11-19 22:21:05,103.192.110.42,LOW
747,Fixflex,tperezkq,ldap_change_password,,747,2016-11-20 00:31:20,33.98.250.192,LOW
724,Zaam-Dox,bortizk3,ldap_change_password,person,724,2016-11-20 02:08:36,200.48.210.35,LOW
849,Span,jthompsonnk,ldap_create,,849,2016-11-20 15:01:57,233.149.196.4,HIGHT
128,Gembucket,nsimmons3j,user_login,computer,128,2016-11-21 12:00:33,166.240.101.49,HIGHT
231,Flexidy,jmendoza6e,ldap_remove,,231,2016-11-21 14:47:32,13.58.66.86,LOW
290,Transcof,dscott81,user_login,computer,290,2016-11-22 02:28:08,8.1.44.180,NORMAL
583,Bytecard,smillsg6,ldap_change_password,person,583,2016-11-22 15:43:49,38.97.211.91,HIGHT
519,Zoolab,rwhiteee,ldap_create,,519,2016-11-22 21:55:04,14.121.32.152,LOW
414,Tin,sbanksbh,ldap_create,,414,2016-11-23 02:33:45,248.29.95.194,HIGHT
97,Mat Lam Tam,jadams2o,ldap_remove,person,97,2016-11-23 09:49:39,15.84.137.113,NORMAL
98,Fixflex,pvasquez2p,ldap_remove,computer,98,2016-11-23 19:11:15,180.74.124.154,NORMAL
273,Hatity,eharvey7k,ldap_disable,,273,2016-11-24 00:30:48,44.48.62.86,LOW
433,Trippledex,jandrewsc0,ldap_change_password,person,433,2016-11-24 04:06:03,177.76.85.50,LOW
523,Bamity,hmooreei,user_create,person,523,2016-11-24 05:22:14,58.150.4.38,NORMAL
427,Zontrax,jhicksbu,ldap_enable,person,427,2016-11-24 22:02:28,180.127.98.48,HIGHT
416,Alpha,bpricebj,user_create,computer,416,2016-11-25 00:29:15,116.213.46.143,NORMAL
775,Temp,jduncanli,ldap_change_password,person,775,2016-11-25 12:24:27,34.209.210.190,LOW
599,Bigtax,tallengm,ldap_create,computer,599,2016-11-26 08:23:50,45.163.170.111,LOW
563,Prodder,gbishopfm,ldap_change_password,computer,563,2016-11-26 21:18:05,144.93.251.134,NORMAL
355,Tin,wfields9u,ldap_remove,person,355,2016-11-27 19:44:01,64.219.49.193,LOW
103,Voyatouch,efrazier2u,user_create,person,103,2016-11-28 03:55:56,8.89.29.142,NORMAL
193,Otcom,ahunt5c,ldap_change_password,person,193,2016-11-28 19:33:52,16.150.11.197,HIGHT
756,Y-Solowarm,agilbertkz,ldap_change_password,,756,2016-11-28 22:19:47,199.71.137.18,HIGHT
521,Fintone,knicholseg,ldap_create,computer,521,2016-11-29 13:20:03,108.13.86.175,NORMAL
380,Namfix,dhartaj,ldap_remove,computer,380,2016-11-29 15:25:17,46.217.26.196,HIGHT
922,Konklux,smartinpl,ldap_remove,person,922,2016-11-30 22:55:54,185.202.131.128,HIGHT
904,Y-Solowarm,jwheelerp3,ldap_enable,person,904,2016-12-01 05:25:19,102.35.212.133,HIGHT
504,Kanlam,jpaynedz,ldap_disable,,504,2016-12-01 06:07:59,207.93.211.236,HIGHT
478,Konklab,brogersd9,ldap_remove,person,478,2016-12-01 06:41:38,211.102.225.164,NORMAL
445,Tres-Zap,plarsoncc,user_create,person,445,2016-12-01 06:41:45,63.211.69.253,NORMAL
168,Mat Lam Tam,pburke4n,ldap_create,,168,2016-12-01 06:46:25,106.234.53.174,HIGHT
829,Flowdesk,slongn0,ldap_enable,person,829,2016-12-01 14:12:08,21.78.7.140,NORMAL
59,Tempsoft,mtorres1m,user_login,computer,59,2016-12-01 20:54:29,221.116.145.123,LOW
88,Matsoft,llarson2f,user_create,person,88,2016-12-02 03:08:22,158.145.221.236,HIGHT
964,Subin,jcarpenterqr,user_create,person,964,2016-12-02 14:14:04,173.4.96.19,HIGHT
560,Gembucket,hcarrfj,ldap_create,computer,560,2016-12-02 15:18:06,66.61.228.169,HIGHT
327,Duobam,wrodriguez92,ldap_enable,,327,2016-12-02 18:15:17,45.189.219.8,HIGHT
486,Span,swoodsdh,ldap_disable,,486,2016-12-02 19:47:19,71.42.137.108,NORMAL
935,Redhold,lcastillopy,user_create,computer,935,2016-12-03 17:22:42,158.80.111.175,LOW
125,Span,tgarcia3g,ldap_remove,computer,125,2016-12-04 03:30:37,45.208.157.122,HIGHT
249,Kanlam,rmorales6w,ldap_disable,,249,2016-12-04 21:52:25,28.248.119.153,LOW
536,Tampflex,rleeev,ldap_enable,computer,536,2016-12-05 13:05:34,26.161.79.184,LOW
101,Cookley,dsullivan2s,ldap_remove,computer,101,2016-12-05 13:26:04,93.218.184.201,LOW
641,Sonair,fadamshs,ldap_remove,computer,641,2016-12-06 22:11:59,7.137.124.14,LOW
332,Rank,lcooper97,user_create,computer,332,2016-12-07 09:40:53,51.48.83.0,HIGHT
163,Bytecard,ilynch4i,ldap_change_password,person,163,2016-12-07 18:03:44,29.123.143.141,NORMAL
406,Sonsing,jlongb9,ldap_enable,person,406,2016-12-07 23:22:18,96.51.179.63,HIGHT
111,Trippledex,moliver32,ldap_change_password,,111,2016-12-09 11:44:45,233.206.128.252,LOW
664,Andalax,hwagnerif,user_login,person,664,2016-12-09 13:23:14,240.167.250.27,NORMAL
138,Daltfresh,cstevens3t,ldap_create,,138,2016-12-09 17:28:23,37.87.165.37,NORMAL
368,Stronghold,llyncha7,ldap_disable,computer,368,2016-12-10 00:35:15,223.90.149.96,NORMAL
153,Latlux,ahenry48,ldap_change_password,,153,2016-12-10 12:02:39,184.159.94.134,LOW
456,Lotlux,trobertscn,user_login,,456,2016-12-10 21:38:51,97.159.102.54,HIGHT
76,Ronstring,khenry23,ldap_enable,person,76,2016-12-11 01:33:53,98.65.239.111,HIGHT
827,Regrant,rtuckermy,ldap_enable,computer,827,2016-12-11 12:48:38,234.123.11.162,LOW
644,Bytecard,jmasonhv,ldap_change_password,computer,644,2016-12-11 15:48:16,4.49.69.56,NORMAL
238,Sonair,dpalmer6l,ldap_remove,person,238,2016-12-12 09:23:04,49.179.1.25,HIGHT
761,Y-Solowarm,ckennedyl4,user_create,computer,761,2016-12-12 11:59:15,187.62.195.86,HIGHT
586,Otcom,pwagnerg9,user_login,person,586,2016-12-12 13:16:07,142.173.0.229,HIGHT
551,Veribet,chowellfa,ldap_change_password,computer,551,2016-12-12 13:34:23,187.127.151.201,LOW
562,Tin,clongfl,ldap_create,person,562,2016-12-13 01:10:57,9.201.90.150,HIGHT
888,Otcom,nrussellon,user_create,,888,2016-12-13 04:21:05,55.143.132.208,NORMAL
374,Asoka,twalkerad,user_create,computer,374,2016-12-13 16:26:31,212.189.96.182,HIGHT
764,Daltfresh,afergusonl7,user_create,computer,764,2016-12-14 21:25:23,67.106.239.222,NORMAL
628,Flexidy,sdeanhf,ldap_remove,person,628,2016-12-15 04:55:19,204.172.232.120,HIGHT
297,Latlux,whayes88,ldap_change_password,,297,2016-12-15 06:55:50,91.221.18.25,LOW
986,Bitchip,fstonerd,ldap_disable,computer,986,2016-12-15 06:59:33,158.161.15.192,NORMAL
232,Duobam,rlee6f,ldap_remove,person,232,2016-12-15 07:12:52,130.152.2.138,LOW
897,Otcom,dcookow,user_create,,897,2016-12-15 13:51:04,206.3.103.125,LOW
451,Overhold,dhughesci,user_login,person,451,2016-12-15 22:54:02,148.45.200.6,LOW
230,Stringtough,jandrews6d,ldap_enable,computer,230,2016-12-16 12:31:25,162.116.67.165,HIGHT
689,Rank,dwellsj4,ldap_remove,computer,689,2016-12-16 21:49:11,158.92.58.71,HIGHT
393,Andalax,emendozaaw,user_create,,393,2016-12-17 11:00:35,174.215.57.250,LOW
825,Otcom,kryanmw,ldap_change_password,,825,2016-12-17 17:09:42,142.184.224.235,HIGHT
223,Treeflex,delliott66,user_login,person,223,2016-12-18 00:25:07,1.137.40.60,HIGHT
107,Toughjoyfax,rmendoza2y,user_create,computer,107,2016-12-18 04:56:46,146.252.199.80,NORMAL
175,Transcof,sgreen4u,user_login,person,175,2016-12-18 06:25:22,121.86.85.172,NORMAL
613,Latlux,jhamiltonh0,user_create,person,613,2016-12-18 15:52:02,165.99.10.163,LOW
508,Ronstring,jhickse3,user_create,person,508,2016-12-18 19:05:04,228.178.84.219,LOW
785,Sub-Ex,ecarterls,ldap_disable,computer,785,2016-12-20 02:32:40,103.204.142.185,HIGHT
117,It,cberry38,ldap_enable,,117,2016-12-20 12:24:01,121.165.81.140,NORMAL
281,Job,triley7s,user_create,computer,281,2016-12-20 22:04:01,155.240.33.8,HIGHT
976,Prodder,jallenr3,ldap_remove,person,976,2016-12-20 22:34:04,142.97.164.144,HIGHT
771,Fintone,mkimle,user_create,,771,2016-12-21 10:18:37,243.111.199.115,HIGHT
46,Redhold,dkelly19,ldap_remove,person,46,2016-12-21 16:50:20,246.150.177.180,HIGHT
605,Redhold,jpetersgs,ldap_change_password,computer,605,2016-12-21 20:12:44,183.200.225.171,NORMAL
828,Stim,jwagnermz,ldap_enable,,828,2016-12-21 22:36:26,159.121.25.3,HIGHT
932,Regrant,lbradleypv,ldap_disable,computer,932,2016-12-22 01:24:26,102.234.61.120,LOW
625,Rank,nhunterhc,ldap_enable,person,625,2016-12-22 04:47:37,242.2.199.25,NORMAL
503,Fixflex,jgraydy,user_login,computer,503,2016-12-22 08:10:22,21.225.188.139,NORMAL
207,Zaam-Dox,dadams5q,ldap_change_password,,207,2016-12-22 13:18:35,120.167.34.251,LOW
994,Subin,jmorrisonrl,ldap_create,person,994,2016-12-22 23:58:19,49.82.72.140,LOW
931,Subin,jrichardspu,ldap_create,person,931,2016-12-23 05:33:13,89.120.89.155,NORMAL
158,Opela,athomas4d,user_create,computer,158,2016-12-24 01:34:30,9.92.111.145,HIGHT
189,Keylex,dwilson58,user_login,,189,2016-12-24 07:18:16,122.93.46.254,LOW
893,Konklux,jbaileyos,ldap_change_password,computer,893,2016-12-25 01:57:16,190.193.243.29,LOW
73,Tres-Zap,rwatson20,ldap_enable,person,73,2016-12-25 02:34:29,114.13.32.69,HIGHT
591,Quo Lux,rjordange,user_create,,591,2016-12-25 11:43:12,91.63.100.132,NORMAL
165,Otcom,rgonzales4k,user_create,,165,2016-12-26 05:32:06,240.135.191.15,HIGHT
556,Solarbreeze,snicholsff,ldap_change_password,person,556,2016-12-26 09:47:50,195.114.140.12,HIGHT
430,Wrapsafe,cboydbx,ldap_change_password,person,430,2016-12-26 11:35:23,129.185.175.60,HIGHT
941,Home Ing,cgutierrezq4,ldap_enable,computer,941,2016-12-26 16:45:00,202.198.50.239,LOW
794,Greenlam,jmarshallm1,ldap_change_password,computer,794,2016-12-28 11:49:50,82.131.27.132,NORMAL
105,Prodder,dduncan2w,ldap_create,,105,2016-12-28 14:50:44,30.24.151.163,LOW
87,Zaam-Dox,jmartin2e,user_login,,87,2016-12-28 17:30:47,249.84.198.126,HIGHT
603,Mat Lam Tam,shansengq,user_create,,603,2016-12-28 19:59:40,204.7.24.180,NORMAL
448,Bitchip,lfordcf,ldap_create,person,448,2016-12-29 07:03:13,135.56.31.87,HIGHT
697,Viva,rhayesjc,user_create,person,697,2016-12-29 09:26:59,59.58.126.81,LOW
869,Aerified,kkingo4,ldap_create,computer,869,2016-12-29 10:05:22,145.19.210.234,HIGHT
800,Bitchip,rrodriguezm7,ldap_remove,computer,800,2016-12-29 22:35:34,77.44.155.116,NORMAL
126,Transcof,dbradley3h,ldap_change_password,,126,2016-12-30 00:35:13,188.20.214.185,LOW
957,Pannier,amasonqk,ldap_enable,,957,2016-12-30 02:51:30,130.255.238.172,HIGHT
557,Daltfresh,dmatthewsfg,user_login,computer,557,2016-12-30 03:23:47,152.63.13.88,HIGHT
903,Bamity,wmillsp2,user_create,,903,2016-12-31 09:10:24,61.90.71.67,LOW
262,Cookley,jdean79,ldap_disable,person,262,2016-12-31 09:17:13,79.238.172.83,LOW
242,Viva,rtaylor6p,user_login,computer,242,2016-12-31 11:17:56,213.232.253.50,HIGHT
552,Quo Lux,hwebbfb,ldap_enable,,552,2016-12-31 12:32:47,32.226.23.147,NORMAL
967,Namfix,dcarrollqu,ldap_create,person,967,2016-12-31 14:59:54,251.95.187.20,LOW
920,Y-Solowarm,sedwardspj,ldap_create,computer,920,2016-12-31 18:10:17,35.44.139.194,LOW
471,Pannier,jriverad2,ldap_create,,471,2016-12-31 19:31:07,87.209.11.25,LOW
863,Sonsing,mfoxny,ldap_create,computer,863,2016-12-31 23:25:40,69.36.98.177,NORMAL
692,Matsoft,ahenryj7,ldap_create,computer,692,2017-01-01 19:42:33,218.6.89.208,HIGHT
717,Tin,kreedjw,ldap_disable,,717,2017-01-02 12:10:44,82.78.129.197,NORMAL
240,Stim,sday6n,ldap_create,,240,2017-01-02 18:56:07,28.235.99.52,HIGHT
835,Span,ashawn6,ldap_enable,person,835,2017-01-02 22:30:32,88.157.180.20,HIGHT
547,Ronstring,tsullivanf6,ldap_disable,person,547,2017-01-02 23:55:36,45.157.53.111,NORMAL
645,Redhold,krichardshw,ldap_change_password,,645,2017-01-03 03:53:23,171.56.156.44,HIGHT
795,Daltfresh,rgreenem2,user_login,,795,2017-01-03 04:18:19,219.171.137.75,LOW
283,Y-find,rjohnson7u,user_login,person,283,2017-01-03 11:38:04,210.134.57.248,NORMAL
299,Lotlux,scox8a,user_login,computer,299,2017-01-03 14:57:29,231.73.45.75,HIGHT
57,Zoolab,ematthews1k,ldap_remove,,57,2017-01-04 13:58:00,31.46.206.177,NORMAL
213,Konklux,glee5w,ldap_change_password,,213,2017-01-04 14:39:33,145.98.117.141,NORMAL
244,Y-Solowarm,kfox6r,ldap_remove,person,244,2017-01-04 17:29:23,63.167.237.237,HIGHT
254,Alphazap,dmccoy71,user_login,computer,254,2017-01-04 22:08:33,247.231.134.67,LOW
350,Rank,klawrence9p,ldap_enable,computer,350,2017-01-04 22:33:36,109.173.129.126,NORMAL
857,Tampflex,tsimsns,ldap_remove,computer,857,2017-01-05 19:45:40,110.168.245.64,HIGHT
527,Aerified,amoralesem,user_login,computer,527,2017-01-06 11:59:48,101.189.143.95,NORMAL
759,Konklab,crosel2,ldap_enable,,759,2017-01-06 21:46:46,143.223.114.71,NORMAL
864,Cardguard,jmoralesnz,ldap_change_password,,864,2017-01-07 18:59:19,203.150.67.33,HIGHT
695,Bitwolf,mberryja,ldap_change_password,computer,695,2017-01-07 18:59:25,233.166.54.64,HIGHT
524,Lotstring,trobinsonej,ldap_enable,computer,524,2017-01-07 19:02:59,62.249.28.74,HIGHT
713,Cardguard,bsullivanjs,ldap_create,computer,713,2017-01-07 19:23:32,125.241.216.251,NORMAL
365,Y-Solowarm,dgonzaleza4,ldap_remove,computer,365,2017-01-08 00:20:35,37.126.91.67,HIGHT
574,Temp,iwallacefx,ldap_create,person,574,2017-01-08 01:40:38,126.7.136.48,HIGHT
862,Tempsoft,pfreemannx,user_create,person,862,2017-01-08 02:30:30,238.15.70.62,HIGHT
570,Matsoft,tdixonft,ldap_enable,,570,2017-01-08 14:56:35,58.174.203.204,HIGHT
484,Sonair,ljacksondf,ldap_enable,person,484,2017-01-08 18:30:03,87.253.89.153,NORMAL
400,Bitwolf,dreynoldsb3,ldap_disable,person,400,2017-01-09 02:24:19,239.239.1.104,NORMAL
70,Ventosanzap,bbrown1x,user_create,person,70,2017-01-11 03:48:26,175.149.108.67,NORMAL
852,Solarbreeze,hwilliamsnn,user_create,,852,2017-01-11 13:33:12,249.145.101.103,HIGHT
958,Treeflex,mleeql,ldap_disable,person,958,2017-01-11 15:28:34,42.14.191.77,NORMAL
474,Toughjoyfax,jbarnesd5,ldap_create,,474,2017-01-11 16:43:19,79.214.10.92,HIGHT
343,Kanlam,jnguyen9i,user_create,person,343,2017-01-12 18:08:16,77.193.37.109,LOW
319,Bytecard,vbanks8u,ldap_remove,person,319,2017-01-13 04:43:35,199.188.155.23,HIGHT
784,Sonair,tfordlr,user_create,person,784,2017-01-13 14:31:53,104.185.150.208,HIGHT
949,Otcom,mphillipsqc,user_login,person,949,2017-01-13 16:26:35,113.171.165.23,NORMAL
653,Bigtax,kharrisi4,user_create,computer,653,2017-01-13 22:01:43,80.172.150.77,NORMAL
753,Sonsing,cknightkw,ldap_create,,753,2017-01-14 04:42:38,163.64.161.220,HIGHT
123,Bigtax,rcook3e,user_create,,123,2017-01-14 20:33:34,219.26.206.141,HIGHT
360,Tampflex,tcarpenter9z,ldap_change_password,,360,2017-01-16 01:09:33,50.81.71.193,HIGHT
217,Alphazap,esanders60,ldap_disable,person,217,2017-01-16 09:36:56,215.166.70.11,LOW
561,Greenlam,pwardfk,user_create,,561,2017-01-16 11:28:26,103.223.245.194,HIGHT
629,Flexidy,rromerohg,ldap_change_password,computer,629,2017-01-16 12:33:11,175.234.12.25,LOW
235,Stronghold,knelson6i,user_login,person,235,2017-01-16 23:17:09,217.230.72.200,LOW
582,Pannier,spetersg5,ldap_disable,,582,2017-01-17 01:52:53,32.205.228.70,NORMAL
814,Solarbreeze,epriceml,ldap_change_password,person,814,2017-01-17 23:56:00,28.102.36.236,LOW
850,Ventosanzap,acarpenternl,ldap_create,person,850,2017-01-18 13:57:52,36.30.189.238,HIGHT
226,Cardguard,rnelson69,user_create,person,226,2017-01-19 07:29:32,29.139.188.124,NORMAL
214,Andalax,psnyder5x,ldap_create,person,214,2017-01-19 11:34:56,232.65.225.169,HIGHT
432,Domainer,ahayesbz,ldap_disable,,432,2017-01-19 15:37:41,203.28.138.156,LOW
948,Zoolab,phudsonqb,ldap_remove,,948,2017-01-20 03:49:32,82.96.230.103,NORMAL
32,Cardguard,ddunnv,ldap_disable,computer,32,2017-01-20 04:07:13,152.154.178.96,NORMAL
245,Daltfresh,dolson6s,user_login,computer,245,2017-01-21 15:29:36,117.70.36.176,NORMAL
135,Ronstring,esimmons3q,user_login,,135,2017-01-24 22:57:49,70.198.211.234,HIGHT
285,Treeflex,dstevens7w,ldap_remove,,285,2017-01-24 23:14:16,185.210.169.141,HIGHT
815,Bigtax,cfernandezmm,ldap_create,computer,815,2017-01-25 03:01:02,136.243.88.199,HIGHT
600,Zontrax,mgarrettgn,user_login,,600,2017-01-25 03:27:13,241.139.64.12,LOW
127,Bitwolf,jrice3i,ldap_change_password,person,127,2017-01-25 06:37:05,86.48.116.108,NORMAL
725,Y-find,tmartink4,ldap_remove,computer,725,2017-01-25 16:08:15,59.210.244.36,LOW
16,Tin,sbutlerf,ldap_change_password,person,16,2017-01-25 21:10:19,183.51.227.230,NORMAL
363,Keylex,rgomeza2,user_create,,363,2017-01-26 19:47:33,86.76.170.234,HIGHT
266,Tresom,rjordan7d,ldap_remove,computer,266,2017-01-27 05:10:22,31.188.76.20,HIGHT
837,Konklux,alongn8,ldap_enable,,837,2017-01-27 13:27:51,105.175.161.98,NORMAL
636,Y-find,jphillipshn,user_login,,636,2017-01-29 13:06:30,219.136.176.125,NORMAL
989,Bamity,rbryantrg,ldap_create,computer,989,2017-01-29 16:42:49,109.30.11.177,NORMAL
246,Latlux,gbennett6t,ldap_remove,,246,2017-01-30 02:50:54,118.31.127.190,NORMAL
622,Cardify,sreidh9,ldap_remove,person,622,2017-01-30 10:06:58,191.180.123.69,HIGHT
921,Gembucket,jjordanpk,ldap_change_password,,921,2017-01-30 15:25:01,219.173.238.225,NORMAL
889,Tempsoft,ntuckeroo,ldap_remove,person,889,2017-01-30 17:36:10,32.166.208.22,HIGHT
680,Trippledex,rknightiv,ldap_remove,computer,680,2017-01-31 07:50:05,76.132.54.6,NORMAL
982,Zoolab,klopezr9,ldap_remove,person,982,2017-01-31 08:06:17,228.242.238.84,HIGHT
443,Regrant,jmitchellca,user_create,computer,443,2017-01-31 13:18:09,30.247.137.202,LOW
656,Stringtough,mmitchelli7,ldap_enable,computer,656,2017-02-02 05:50:38,43.249.22.197,HIGHT
956,Y-Solowarm,tortizqj,user_create,computer,956,2017-02-02 13:41:15,228.56.84.227,HIGHT
287,Asoka,jhunter7y,ldap_enable,computer,287,2017-02-03 01:27:05,71.244.153.236,NORMAL
939,Y-find,jpalmerq2,ldap_create,,939,2017-02-03 17:15:44,240.78.33.213,HIGHT
918,Stronghold,mrobertsph,ldap_enable,,918,2017-02-03 17:41:03,183.2.12.53,HIGHT
550,Daltfresh,rdanielsf9,ldap_create,person,550,2017-02-03 23:09:43,161.59.55.167,LOW
812,Lotlux,dnicholsmj,ldap_enable,computer,812,2017-02-04 01:19:11,147.45.147.90,NORMAL
307,Keylex,lwhite8i,ldap_remove,person,307,2017-02-04 02:29:39,14.247.192.169,NORMAL
452,Tempsoft,erobertscj,ldap_change_password,computer,452,2017-02-04 03:44:48,100.187.239.46,HIGHT
439,Prodder,scarpenterc6,ldap_enable,person,439,2017-02-04 11:40:35,254.188.91.217,NORMAL
204,Span,dellis5n,user_create,,204,2017-02-05 02:36:18,163.186.70.229,HIGHT
648,Tempsoft,handersonhz,ldap_remove,,648,2017-02-05 13:14:47,127.99.52.98,HIGHT
264,Keylex,awheeler7b,ldap_change_password,,264,2017-02-06 06:04:07,174.244.230.145,NORMAL
482,It,aoliverdd,ldap_disable,computer,482,2017-02-06 13:49:23,87.183.132.36,LOW
602,Andalax,jjohnsongp,user_login,computer,602,2017-02-06 17:33:16,176.201.121.202,LOW
38,Aerified,jreynolds11,user_login,computer,38,2017-02-07 06:21:35,157.49.175.164,NORMAL
292,Aerified,tmason83,ldap_change_password,person,292,2017-02-07 06:44:09,47.29.29.154,HIGHT
515,Matsoft,mbutlerea,ldap_create,computer,515,2017-02-07 10:10:01,24.135.95.67,HIGHT
323,Aerified,palvarez8y,ldap_remove,computer,323,2017-02-07 17:38:41,215.88.64.214,LOW
936,Vagram,cburnspz,ldap_disable,,936,2017-02-07 22:20:24,29.56.39.252,HIGHT
200,Tampflex,bbutler5j,ldap_remove,computer,200,2017-02-07 22:31:24,144.148.79.13,NORMAL
549,Asoka,jramirezf8,ldap_enable,,549,2017-02-08 00:35:52,129.241.18.196,HIGHT
637,Ventosanzap,hharrisho,ldap_enable,person,637,2017-02-08 03:33:19,58.225.29.103,HIGHT
783,Voyatouch,jcollinslq,ldap_enable,,783,2017-02-08 10:05:46,246.39.70.213,LOW
930,Stringtough,shenrypt,user_login,,930,2017-02-08 16:30:22,14.231.4.141,NORMAL
263,Flowdesk,wsimmons7a,ldap_remove,computer,263,2017-02-09 07:22:35,11.180.19.178,NORMAL
78,Cardify,slopez25,ldap_create,,78,2017-02-09 19:27:25,117.232.73.105,LOW
267,Redhold,tgomez7e,user_login,,267,2017-02-10 00:38:28,26.185.47.208,HIGHT
409,Konklux,cgarzabc,user_login,person,409,2017-02-10 07:02:35,178.120.156.110,NORMAL
147,Flexidy,lwashington42,ldap_enable,,147,2017-02-10 18:42:26,6.90.196.232,LOW
334,Temp,bfisher99,user_login,person,334,2017-02-11 18:28:03,178.50.32.143,LOW
329,Rank,gwilson94,user_create,computer,329,2017-02-11 23:26:12,198.132.18.147,NORMAL
566,Lotstring,egilbertfp,user_login,computer,566,2017-02-12 05:33:48,67.221.128.42,HIGHT
894,Stringtough,drobinsonot,ldap_disable,,894,2017-02-12 13:47:35,158.220.117.155,LOW
721,Transcof,sandersonk0,user_create,person,721,2017-02-12 14:31:59,74.221.187.153,NORMAL
716,Alphazap,lbennettjv,ldap_disable,computer,716,2017-02-13 16:59:14,205.170.12.25,HIGHT
227,Y-find,jwarren6a,ldap_create,computer,227,2017-02-13 18:58:31,99.229.127.137,LOW
765,Latlux,cknightl8,user_login,,765,2017-02-14 01:34:32,255.246.59.3,LOW
596,Flowdesk,jramosgj,user_create,computer,596,2017-02-14 05:08:38,2.16.248.103,NORMAL
965,Y-find,jsanchezqs,user_create,computer,965,2017-02-14 05:50:20,46.175.71.69,HIGHT
924,Tempsoft,fhickspn,ldap_create,,924,2017-02-14 16:29:13,1.236.1.193,HIGHT
339,Kanlam,eweaver9e,ldap_remove,,339,2017-02-14 21:13:23,177.217.235.22,NORMAL
860,Alpha,pwhitenv,user_create,computer,860,2017-02-14 22:20:45,200.104.163.223,HIGHT
353,Sub-Ex,kjacobs9s,user_create,computer,353,2017-02-14 22:51:10,126.192.169.27,LOW
388,Lotstring,gkennedyar,user_create,person,388,2017-02-15 06:41:31,104.178.239.80,NORMAL
758,Daltfresh,greyesl1,user_create,computer,758,2017-02-15 11:20:50,103.141.220.183,HIGHT
133,Greenlam,rmccoy3o,user_login,person,133,2017-02-16 06:11:44,95.61.202.169,HIGHT
357,Duobam,jgrant9w,ldap_create,,357,2017-02-16 09:14:20,2.95.138.220,NORMAL
53,Sonair,lfuller1g,ldap_disable,computer,53,2017-02-16 12:06:05,225.66.153.122,HIGHT
696,Konklab,gkelleyjb,user_create,,696,2017-02-17 00:01:06,85.65.155.186,LOW
3,Alphazap,gkim2,ldap_remove,,3,2017-02-17 14:25:23,103.169.0.223,LOW
988,Lotlux,eolsonrf,ldap_disable,person,988,2017-02-18 03:45:44,119.7.218.138,NORMAL
351,Job,pmills9q,user_login,,351,2017-02-18 12:54:19,56.98.112.123,LOW
966,Zamit,jfernandezqt,ldap_enable,,966,2017-02-19 00:28:45,135.118.132.25,HIGHT
397,Y-find,dmedinab0,user_create,person,397,2017-02-19 05:25:35,39.85.156.220,HIGHT
763,Viva,jmontgomeryl6,ldap_disable,person,763,2017-02-19 14:11:20,120.117.213.40,NORMAL
520,Bytecard,ahallef,user_login,person,520,2017-02-19 19:58:14,166.243.245.14,LOW
181,Lotstring,agilbert50,user_create,person,181,2017-02-19 22:09:31,163.156.12.224,NORMAL
149,Cardguard,vford44,ldap_change_password,computer,149,2017-02-20 01:46:30,145.142.40.248,NORMAL
272,Flexidy,kperkins7j,ldap_enable,computer,272,2017-02-20 22:56:50,71.151.19.106,HIGHT
13,Quo Lux,stuckerc,ldap_change_password,person,13,2017-02-20 23:21:44,113.19.59.245,HIGHT
80,Span,efernandez27,user_login,computer,80,2017-02-21 02:23:11,135.185.151.125,HIGHT
191,Holdlamis,ameyer5a,user_login,computer,191,2017-02-21 18:08:43,66.26.140.146,HIGHT
954,Stim,sfordqh,ldap_create,,954,2017-02-21 18:19:57,173.210.163.68,LOW
554,Bitwolf,dfoxfd,user_login,computer,554,2017-02-21 23:08:13,136.231.124.230,LOW
488,Sonair,bkennedydj,ldap_disable,computer,488,2017-02-22 01:25:49,129.146.103.45,HIGHT
808,Stringtough,bperkinsmf,ldap_enable,person,808,2017-02-22 07:32:51,74.208.201.111,LOW
7,Fintone,cgomez6,ldap_enable,person,7,2017-02-22 11:17:43,222.129.249.194,HIGHT
718,Konklab,emyersjx,ldap_disable,person,718,2017-02-22 14:19:00,177.108.31.188,LOW
442,Asoka,rmorenoc9,user_login,person,442,2017-02-22 21:32:50,202.249.173.248,HIGHT
171,Zamit,mgarcia4q,ldap_remove,,171,2017-02-23 20:00:52,55.70.250.214,NORMAL
688,Hatity,mfranklinj3,ldap_disable,person,688,2017-02-25 07:08:33,46.215.148.228,LOW
19,Sonsing,wrodriguezi,user_login,person,19,2017-02-25 17:53:48,10.212.116.173,LOW
729,Ventosanzap,lleek8,ldap_create,,729,2017-02-26 15:20:11,69.245.125.188,LOW
300,Bigtax,mgonzalez8b,ldap_create,,300,2017-02-26 20:13:51,229.245.201.253,LOW
712,Treeflex,lgutierrezjr,ldap_enable,person,712,2017-02-26 20:41:01,176.43.52.37,LOW
577,Kanlam,apetersong0,user_create,person,577,2017-02-26 21:29:28,123.243.44.187,NORMAL
476,Y-find,cpriced7,ldap_disable,computer,476,2017-02-27 07:28:23,28.217.241.137,LOW
44,Subin,smarshall17,ldap_remove,computer,44,2017-02-27 13:44:50,208.14.241.42,HIGHT
830,Voyatouch,ifoxn1,ldap_change_password,computer,830,2017-02-27 14:38:41,15.10.73.156,NORMAL
491,Redhold,pwoodsdm,ldap_change_password,computer,491,2017-02-27 23:12:28,196.144.113.42,NORMAL
799,Tampflex,breedm6,ldap_create,person,799,2017-02-28 02:01:34,99.198.223.244,LOW
818,Biodex,grodriguezmp,ldap_disable,computer,818,2017-02-28 13:26:47,206.168.25.4,LOW
247,Andalax,lryan6u,ldap_change_password,person,247,2017-02-28 16:10:26,39.234.8.143,LOW
703,Span,jtorresji,ldap_disable,person,703,2017-03-01 00:02:10,121.7.194.216,HIGHT
454,Latlux,mharriscl,user_create,person,454,2017-03-01 19:19:21,162.251.163.142,LOW
43,Andalax,rgeorge16,ldap_disable,person,43,2017-03-02 02:40:42,7.126.44.150,HIGHT
140,Pannier,spowell3v,ldap_remove,computer,140,2017-03-02 16:01:31,113.253.67.247,LOW
492,Bitchip,melliottdn,ldap_remove,,492,2017-03-02 19:31:00,198.33.107.28,NORMAL
604,Opela,hrussellgr,ldap_remove,person,604,2017-03-03 03:21:35,209.211.170.68,LOW
378,Solarbreeze,hmyersah,ldap_disable,,378,2017-03-03 04:38:49,90.146.100.101,LOW
89,Bitwolf,cwashington2g,user_create,computer,89,2017-03-03 05:10:05,226.37.132.108,NORMAL
1,Quo Lux,mlong0,ldap_remove,person,1,2017-03-03 08:48:38,135.95.16.135,HIGHT
71,Pannier,jknight1y,ldap_change_password,computer,71,2017-03-06 12:17:58,74.156.87.105,LOW
579,Bitwolf,mburtong2,ldap_change_password,,579,2017-03-07 01:50:45,181.47.135.65,NORMAL
944,Sub-Ex,blaneq7,ldap_change_password,computer,944,2017-03-07 03:54:35,61.70.102.157,LOW
711,Stronghold,cpattersonjq,ldap_create,,711,2017-03-08 01:14:22,172.153.87.190,LOW
321,Rank,ihenry8w,ldap_disable,,321,2017-03-08 03:22:32,96.124.30.58,NORMAL
31,Stim,creynoldsu,ldap_disable,person,31,2017-03-08 13:18:07,158.242.65.95,HIGHT
681,Voyatouch,rhilliw,ldap_change_password,,681,2017-03-09 13:50:16,231.101.92.169,NORMAL
754,Cardify,bortizkx,ldap_disable,person,754,2017-03-09 14:39:22,221.100.108.96,HIGHT
142,Otcom,bmorgan3x,ldap_enable,person,142,2017-03-09 17:35:25,49.252.192.127,NORMAL
658,Subin,bhicksi9,ldap_create,person,658,2017-03-10 02:03:53,13.151.52.23,NORMAL
706,Zathin,dgarrettjl,ldap_change_password,person,706,2017-03-10 10:26:48,13.60.153.201,NORMAL
417,Stringtough,jcolemanbk,ldap_disable,,417,2017-03-10 15:49:44,221.138.70.199,LOW
943,Voyatouch,jramirezq6,ldap_remove,person,943,2017-03-10 22:13:50,29.9.205.245,LOW
732,Andalax,dmedinakb,ldap_change_password,,732,2017-03-11 00:27:27,181.246.240.77,LOW
106,Duobam,esanders2x,ldap_enable,person,106,2017-03-11 09:00:55,121.178.253.20,LOW
463,Zoolab,pgrahamcu,ldap_change_password,person,463,2017-03-11 14:01:49,88.32.162.53,NORMAL
615,Sonair,rcampbellh2,user_create,,615,2017-03-11 14:16:03,150.110.113.248,HIGHT
542,Asoka,pwoodsf1,user_create,computer,542,2017-03-11 15:45:31,154.6.193.157,HIGHT
446,Domainer,ewebbcd,ldap_create,computer,446,2017-03-12 15:11:38,196.47.0.106,LOW
796,Duobam,mwellsm3,ldap_change_password,person,796,2017-03-12 18:00:27,90.234.54.185,NORMAL
326,Ronstring,mrodriguez91,ldap_change_password,computer,326,2017-03-12 20:22:22,3.181.94.8,LOW
255,Zaam-Dox,sstanley72,user_login,,255,2017-03-12 22:39:59,12.191.40.89,HIGHT
512,Konklux,jgeorgee7,user_create,computer,512,2017-03-13 00:47:16,33.87.39.29,LOW
23,Keylex,apalmerm,ldap_enable,computer,23,2017-03-13 05:09:37,51.8.254.191,NORMAL
269,Zontrax,hperkins7g,ldap_create,computer,269,2017-03-13 12:01:47,251.150.140.138,LOW
63,Vagram,cromero1q,ldap_enable,,63,2017-03-14 11:17:49,206.129.132.155,NORMAL
33,Voyatouch,vdeanw,user_login,,33,2017-03-14 14:04:57,188.215.249.35,NORMAL
896,Alphazap,klopezov,ldap_create,computer,896,2017-03-14 22:24:40,61.145.31.85,HIGHT
62,Greenlam,cmurray1p,ldap_remove,computer,62,2017-03-15 01:44:43,173.175.49.253,HIGHT
929,Zamit,dhawkinsps,ldap_change_password,computer,929,2017-03-15 02:30:07,223.128.227.240,LOW
405,Alphazap,mwarrenb8,user_login,,405,2017-03-15 03:42:31,206.246.253.46,HIGHT
186,Tampflex,wjames55,ldap_enable,,186,2017-03-15 05:18:00,132.160.5.47,NORMAL
609,Aerified,cfieldsgw,user_create,,609,2017-03-16 14:52:39,205.162.195.251,NORMAL
704,Redhold,jwestjj,ldap_create,computer,704,2017-03-16 14:55:08,213.109.65.155,NORMAL
834,Opela,aramirezn5,ldap_enable,,834,2017-03-17 04:11:55,112.165.188.77,NORMAL
121,Redhold,jelliott3c,ldap_disable,person,121,2017-03-17 06:00:12,43.165.38.58,LOW
82,Sonair,nallen29,ldap_disable,person,82,2017-03-18 02:58:05,154.143.205.79,NORMAL
848,Trippledex,slewisnj,ldap_disable,computer,848,2017-03-18 04:12:11,125.188.75.120,LOW
225,Holdlamis,ssanchez68,user_login,,225,2017-03-18 14:13:35,66.21.7.0,LOW
564,Daltfresh,wwalkerfn,ldap_remove,,564,2017-03-20 06:14:44,143.205.81.156,LOW
985,Trippledex,jgonzalesrc,ldap_create,person,985,2017-03-20 07:01:54,202.239.67.85,LOW
45,Asoka,scooper18,ldap_change_password,,45,2017-03-21 00:24:55,44.128.182.185,HIGHT
879,Matsoft,rstanleyoe,user_create,,879,2017-03-21 09:07:18,184.244.193.58,HIGHT
984,Aerified,tperkinsrb,ldap_remove,,984,2017-03-21 18:14:54,252.140.196.251,LOW
411,Zoolab,ewheelerbe,user_login,,411,2017-03-22 05:35:00,228.139.146.76,HIGHT
152,Tin,aweaver47,ldap_enable,computer,152,2017-03-22 23:09:23,170.87.70.110,LOW
159,Cookley,mcruz4e,user_login,,159,2017-03-23 05:33:59,229.240.120.251,NORMAL
659,Alphazap,jriveraia,ldap_disable,computer,659,2017-03-23 13:59:10,150.126.193.91,LOW
377,Opela,fhuntag,ldap_create,computer,377,2017-03-23 14:55:22,170.44.255.226,HIGHT
909,Stronghold,gburtonp8,ldap_disable,,909,2017-03-23 19:46:46,226.166.23.239,HIGHT
819,Greenlam,dbakermq,user_create,,819,2017-03-24 01:53:53,218.215.115.107,HIGHT
346,Cardify,mnguyen9l,ldap_change_password,person,346,2017-03-24 05:50:19,50.51.85.56,LOW
113,Tempsoft,afrazier34,ldap_change_password,computer,113,2017-03-25 10:43:57,124.116.176.135,NORMAL
316,Voyatouch,jnichols8r,ldap_disable,person,316,2017-03-25 12:28:59,96.205.51.253,NORMAL
886,Span,jjacksonol,ldap_enable,person,886,2017-03-26 04:44:23,89.129.229.30,HIGHT
683,Holdlamis,lreidiy,ldap_create,computer,683,2017-03-26 22:17:16,148.178.16.201,LOW
345,Zaam-Dox,rdavis9k,ldap_create,,345,2017-03-26 23:33:08,130.137.11.207,NORMAL
291,Konklux,bking82,ldap_create,,291,2017-03-27 06:53:08,169.75.41.175,NORMAL
532,Flowdesk,mturnerer,ldap_change_password,person,532,2017-03-28 07:03:02,137.182.253.49,HIGHT
623,Regrant,mreyesha,ldap_change_password,computer,623,2017-03-28 08:17:06,82.153.124.45,HIGHT
6,Matsoft,wgray5,ldap_enable,,6,2017-03-28 22:07:51,159.198.117.230,LOW
820,Rank,mmurraymr,ldap_create,person,820,2017-03-29 06:16:10,183.131.158.44,HIGHT
968,Voyatouch,jboydqv,user_login,computer,968,2017-03-29 16:52:12,148.121.173.96,HIGHT
531,Y-Solowarm,cbaileyeq,ldap_change_password,,531,2017-03-29 23:27:29,224.30.169.21,LOW
137,Lotstring,pshaw3s,ldap_change_password,computer,137,2017-03-30 05:43:27,108.111.232.245,NORMAL
853,Zamit,kmyersno,user_create,person,853,2017-03-30 16:12:14,3.150.204.162,HIGHT
122,Andalax,sstanley3d,user_login,computer,122,2017-03-30 16:12:32,204.76.107.123,HIGHT
308,Stronghold,lhart8j,ldap_enable,computer,308,2017-03-30 17:30:12,218.147.158.242,HIGHT
347,Y-Solowarm,revans9m,ldap_enable,computer,347,2017-03-31 07:09:58,248.231.99.141,NORMAL
626,Job,hsullivanhd,ldap_enable,computer,626,2017-03-31 09:31:27,138.134.160.86,NORMAL
166,Voltsillam,hcastillo4l,ldap_create,person,166,2017-03-31 22:11:12,47.238.165.158,LOW
883,Zaam-Dox,hfrazieroi,user_login,person,883,2017-04-01 02:58:33,149.68.78.135,HIGHT
391,Lotstring,dsmithau,user_create,person,391,2017-04-01 20:26:07,124.3.228.238,NORMAL
479,Treeflex,aturnerda,ldap_remove,computer,479,2017-04-01 23:52:59,46.221.157.187,HIGHT
620,Fixflex,ecolemanh7,ldap_remove,computer,620,2017-04-02 01:07:19,17.211.17.234,LOW
875,Opela,sowensoa,ldap_enable,computer,875,2017-04-02 09:18:14,234.92.117.120,NORMAL
220,Bamity,hfreeman63,ldap_remove,person,220,2017-04-02 14:53:17,41.203.157.128,NORMAL
963,It,dspencerqq,user_login,,963,2017-04-02 16:16:29,14.124.69.80,LOW
585,Mat Lam Tam,dfrankling8,user_login,,585,2017-04-03 13:36:27,242.216.104.149,HIGHT
428,Treeflex,sjonesbv,ldap_change_password,computer,428,2017-04-03 19:46:08,152.170.71.118,NORMAL
381,Domainer,pgrayak,ldap_change_password,,381,2017-04-03 22:36:30,48.82.98.93,NORMAL
298,Regrant,bbrooks89,ldap_enable,person,298,2017-04-04 23:59:09,225.251.108.211,HIGHT
998,Subin,tgrantrp,user_create,computer,998,2017-04-05 13:45:06,144.246.184.155,NORMAL
608,Zoolab,rsimmonsgv,ldap_enable,computer,608,2017-04-05 17:17:14,86.16.13.19,HIGHT
